{
    "offline": [
        {
            "a0": 9.09762700785465,
            "alpha": 1e-06,
            "delta": 0.13575946831862096,
            "gamma": 1.4,
            "omega": 18.01381688035822
        },
        {
            "a0": 9.089766365993794,
            "alpha": 1e-06,
            "delta": 0.12118273996694523,
            "gamma": 1.4,
            "omega": 18.22947056533328
        },
        {
            "a0": 8.875174422525385,
            "alpha": 1e-06,
            "delta": 0.14458865003910398,
            "gamma": 1.4,
            "omega": 19.818313802505145
        },
        {
            "a0": 8.766883037651555,
            "alpha": 1e-06,
            "delta": 0.13958625190413324,
            "gamma": 1.4,
            "omega": 17.64447459876452
        },
        {
            "a0": 9.136089122187865,
            "alpha": 1e-06,
            "delta": 0.14627983191463306,
            "gamma": 1.4,
            "omega": 15.355180290989434
        },
        {
            "a0": 8.174258599403082,
            "alpha": 1e-06,
            "delta": 0.1010109198720163,
            "gamma": 1.4,
            "omega": 19.16309922773969
        },
        {
            "a0": 9.556313501899702,
            "alpha": 1e-06,
            "delta": 0.14350060741234094,
            "gamma": 1.4,
            "omega": 19.89309171116382
        },
        {
            "a0": 9.598317128433447,
            "alpha": 1e-06,
            "delta": 0.12307396811264659,
            "gamma": 1.4,
            "omega": 18.902645881432278
        },
        {
            "a0": 8.236548851737867,
            "alpha": 1e-06,
            "delta": 0.13199605106637619,
            "gamma": 1.4,
            "omega": 15.716766437045232
        },
        {
            "a0": 9.889337834099168,
            "alpha": 1e-06,
            "delta": 0.12609241608750357,
            "gamma": 1.4,
            "omega": 17.073309699952617
        }
    ],
    "online": [
        {
            "a0": 8.789352348402526,
            "alpha": 1e-06,
            "delta": 0.1099103320568594,
            "gamma": 1.4,
            "omega": 16.274155329037644
        },
        {
            "a0": 9.617090695119321,
            "alpha": 1e-06,
            "delta": 0.13980075831941335,
            "gamma": 1.4,
            "omega": 17.181841548861485
        },
        {
            "a0": 9.778688825418499,
            "alpha": 1e-06,
            "delta": 0.1131137694923368,
            "gamma": 1.4,
            "omega": 16.021810397834475
        },
        {
            "a0": 8.980850815748948,
            "alpha": 1e-06,
            "delta": 0.13582942178882254,
            "gamma": 1.4,
            "omega": 19.04982924450377
        },
        {
            "a0": 8.014319128393499,
            "alpha": 1e-06,
            "delta": 0.1405734593124911,
            "gamma": 1.4,
            "omega": 16.65830299407136
        },
        {
            "a0": 9.150537833781836,
            "alpha": 1e-06,
            "delta": 0.13357563175345916,
            "gamma": 1.4,
            "omega": 17.706708406833002
        },
        {
            "a0": 8.093245268110142,
            "alpha": 1e-06,
            "delta": 0.14043843821658042,
            "gamma": 1.4,
            "omega": 18.985061686572745
        },
        {
            "a0": 8.104455373332314,
            "alpha": 1e-06,
            "delta": 0.1302672270625732,
            "gamma": 1.4,
            "omega": 15.371388402667039
        },
        {
            "a0": 8.353110747523516,
            "alpha": 1e-06,
            "delta": 0.11652517810810104,
            "gamma": 1.4,
            "omega": 18.67830484135073
        },
        {
            "a0": 8.9295792538467,
            "alpha": 1e-06,
            "delta": 0.12641597218669334,
            "gamma": 1.4,
            "omega": 15.543625796272313
        }
    ],
    "validation": []
}