,50.0,100.0,200.0,300.0,500.0,1000.0
0.0,1.0,1.0,1.0,0.9999999999999998,0.9999999999999994,0.9999999999999994
0.001503006012024048,1.0,1.0,1.0,0.9999999999999991,0.9999999999999992,0.9999999999999974
0.003006012024048096,1.0,1.0,1.0000000000000002,0.9999999999999972,0.9999999999999992,0.999999999999993
0.0045090180360721445,1.0000000000000002,1.0000000000000002,1.0000000000000002,0.9999999999999961,1.0,0.9999999999999811
0.006012024048096192,1.0000000000000002,1.0000000000000002,1.0000000000000007,0.999999999999993,1.0000000000000007,0.9999999999999623
0.00751503006012024,1.0000000000000007,1.0000000000000007,1.0000000000000016,0.9999999999999893,1.0000000000000016,0.9999999999999346
0.009018036072144289,1.0000000000000007,1.0000000000000007,1.0000000000000018,0.9999999999999835,1.0000000000000027,0.9999999999998958
0.010521042084168337,1.000000000000001,1.0000000000000009,1.0000000000000024,0.9999999999999758,1.0000000000000044,0.9999999999998469
0.012024048096192385,1.0000000000000013,1.0000000000000009,1.0000000000000036,0.9999999999999665,1.0000000000000069,0.9999999999997888
0.013527054108216433,1.0000000000000016,1.0000000000000013,1.0000000000000049,0.9999999999999556,1.0000000000000102,0.999999999999719
0.01503006012024048,1.0000000000000016,1.0000000000000013,1.000000000000006,0.9999999999999424,1.0000000000000144,0.9999999999996426
0.016533066132264528,1.0000000000000018,1.0000000000000018,1.0000000000000073,0.9999999999999274,1.0000000000000195,0.9999999999995538
0.018036072144288578,1.0000000000000022,1.0000000000000018,1.0000000000000087,0.999999999999911,1.0000000000000258,0.9999999999994524
0.019539078156312624,1.0000000000000022,1.000000000000002,1.0000000000000107,0.9999999999998933,1.0000000000000322,0.9999999999993431
0.021042084168336674,1.0000000000000029,1.0000000000000024,1.0000000000000133,0.9999999999998747,1.0000000000000397,0.9999999999992243
0.02254509018036072,1.000000000000003,1.0000000000000024,1.0000000000000164,0.9999999999998563,1.000000000000049,0.9999999999990966
0.02404809619238477,1.0000000000000033,1.0000000000000029,1.00000000000002,0.9999999999998364,1.000000000000059,0.9999999999989612
0.02555110220440882,1.000000000000004,1.000000000000003,1.0000000000000244,0.9999999999998148,1.00000000000007,0.9999999999988176
0.027054108216432865,1.000000000000004,1.0000000000000036,1.000000000000029,0.9999999999997919,1.000000000000082,0.9999999999986606
0.028557114228456915,1.000000000000004,1.000000000000004,1.0000000000000338,0.9999999999997674,1.0000000000000941,0.9999999999984938
0.03006012024048096,1.000000000000004,1.0000000000000042,1.0000000000000382,0.9999999999997405,1.0000000000001068,0.9999999999983166
0.03156312625250501,1.0000000000000044,1.0000000000000047,1.0000000000000435,0.9999999999997096,1.0000000000001212,0.9999999999981297
0.033066132264529056,1.000000000000004,1.000000000000005,1.0000000000000486,0.9999999999996741,1.0000000000001363,0.9999999999979307
0.034569138276553106,1.0000000000000036,1.000000000000005,1.0000000000000546,0.9999999999996346,1.0000000000001525,0.9999999999977206
0.036072144288577156,1.0000000000000033,1.0000000000000056,1.0000000000000602,0.9999999999995907,1.0000000000001699,0.9999999999974994
0.037575150300601205,1.000000000000003,1.000000000000006,1.0000000000000664,0.9999999999995418,1.0000000000001885,0.9999999999972622
0.03907815631262525,1.0000000000000024,1.0000000000000064,1.000000000000073,0.9999999999994867,1.000000000000208,0.9999999999970057
0.0405811623246493,1.0000000000000016,1.0000000000000064,1.0000000000000797,0.9999999999994263,1.0000000000002294,0.9999999999967305
0.04208416833667335,1.0000000000000009,1.0000000000000069,1.0000000000000862,0.99999999999936,1.000000000000252,0.9999999999964324
0.0435871743486974,0.9999999999999997,1.000000000000007,1.0000000000000926,0.9999999999992875,1.0000000000002758,0.99999999999611
0.04509018036072144,0.9999999999999988,1.0000000000000073,1.0000000000000995,0.999999999999209,1.0000000000003009,0.999999999995757
0.04659318637274549,0.9999999999999974,1.0000000000000078,1.0000000000001061,0.9999999999991229,1.0000000000003275,0.9999999999953665
0.04809619238476954,0.9999999999999962,1.0000000000000078,1.0000000000001124,0.9999999999990286,1.0000000000003544,0.9999999999949317
0.04959919839679359,0.9999999999999947,1.000000000000008,1.000000000000118,0.9999999999989252,1.000000000000382,0.9999999999944456
0.05110220440881764,0.9999999999999937,1.000000000000008,1.0000000000001221,0.9999999999988086,1.0000000000004095,0.9999999999938993
0.05260521042084168,0.9999999999999918,1.000000000000008,1.0000000000001248,0.9999999999986764,1.0000000000004363,0.9999999999932797
0.05410821643286573,0.9999999999999906,1.0000000000000075,1.000000000000126,0.9999999999985253,1.0000000000004627,0.9999999999925754
0.05561122244488978,0.999999999999989,1.000000000000007,1.0000000000001248,0.9999999999983523,1.0000000000004883,0.9999999999917644
0.05711422845691383,0.9999999999999875,1.0000000000000067,1.0000000000001197,0.9999999999981547,1.0000000000005118,0.9999999999908222
0.05861723446893787,0.9999999999999857,1.0000000000000053,1.0000000000001097,0.999999999997925,1.0000000000005318,0.9999999999897214
0.06012024048096192,0.9999999999999833,1.000000000000004,1.000000000000094,0.9999999999976594,1.000000000000547,0.9999999999884192
0.06162324649298597,0.9999999999999807,1.0000000000000024,1.0000000000000724,0.9999999999973506,1.0000000000005564,0.9999999999868717
0.06312625250501001,0.9999999999999774,1.0,1.0000000000000417,0.9999999999969921,1.0000000000005578,0.9999999999850303
0.06462925851703406,0.9999999999999736,0.9999999999999977,1.0000000000000024,0.9999999999965774,1.0000000000005507,0.9999999999828377
0.06613226452905811,0.9999999999999688,0.9999999999999944,0.9999999999999518,0.9999999999960961,1.0000000000005345,0.999999999980231
0.06763527054108216,0.9999999999999631,0.9999999999999907,0.9999999999998885,0.9999999999955406,1.0000000000005065,0.999999999977143
0.06913827655310621,0.9999999999999561,0.9999999999999862,0.9999999999998119,0.9999999999948973,1.0000000000004656,0.9999999999734921
0.07064128256513026,0.9999999999999475,0.9999999999999809,0.9999999999997194,0.9999999999941557,1.0000000000004092,0.9999999999691948
0.07214428857715431,0.9999999999999369,0.9999999999999748,0.9999999999996102,0.9999999999933044,1.000000000000336,0.9999999999641603
0.07364729458917836,0.9999999999999243,0.9999999999999676,0.9999999999994813,0.9999999999923324,1.0000000000002445,0.9999999999582931
0.07515030060120241,0.9999999999999096,0.9999999999999591,0.9999999999993313,0.9999999999912272,1.000000000000132,0.9999999999514929
0.07665330661322645,0.9999999999998931,0.9999999999999497,0.9999999999991576,0.9999999999899815,0.9999999999999962,0.9999999999436642
0.0781563126252505,0.9999999999998733,0.9999999999999389,0.9999999999989578,0.9999999999885839,0.9999999999998349,0.9999999999347096
0.07965931863727455,0.999999999999851,0.9999999999999263,0.999999999998731,0.9999999999870237,0.9999999999996465,0.9999999999245347
0.0811623246492986,0.9999999999998261,0.9999999999999125,0.9999999999984746,0.9999999999852903,0.9999999999994289,0.999999999913057
0.08266533066132264,0.9999999999997975,0.9999999999998966,0.9999999999981877,0.9999999999833769,0.9999999999991773,0.9999999999002064
0.0841683366733467,0.9999999999997669,0.9999999999998788,0.9999999999978677,0.9999999999812744,0.9999999999988926,0.9999999998859123
0.08567134268537074,0.9999999999997325,0.9999999999998588,0.9999999999975133,0.9999999999789736,0.9999999999985685,0.9999999998701129
0.0871743486973948,0.9999999999996957,0.9999999999998369,0.9999999999971244,0.9999999999764648,0.9999999999982022,0.9999999998527673
0.08867735470941884,0.9999999999996556,0.9999999999998126,0.9999999999966985,0.9999999999737418,0.9999999999977931,0.9999999998338474
0.09018036072144288,0.9999999999996125,0.9999999999997862,0.9999999999962348,0.9999999999707909,0.9999999999973397,0.999999999813339
0.09168336673346693,0.9999999999995669,0.999999999999757,0.9999999999957315,0.9999999999676122,0.9999999999968405,0.9999999997912458
0.09318637274549098,0.9999999999995184,0.9999999999997256,0.9999999999951863,0.9999999999642004,0.9999999999962939,0.9999999997675763
0.09468937875751503,0.9999999999994669,0.9999999999996914,0.9999999999945993,0.9999999999605511,0.999999999995698,0.9999999997423822
0.09619238476953908,0.9999999999994131,0.9999999999996539,0.9999999999939689,0.999999999956667,0.9999999999950533,0.9999999997157365
0.09769539078156313,0.9999999999993568,0.999999999999614,0.9999999999932934,0.9999999999525497,0.9999999999943628,0.9999999996877684
0.09919839679358718,0.9999999999992991,0.999999999999571,0.9999999999925709,0.999999999948206,0.9999999999936244,0.9999999996586836
0.10070140280561123,0.9999999999992395,0.9999999999995249,0.9999999999918002,0.9999999999436446,0.9999999999928421,0.9999999996287942
0.10220440881763528,0.9999999999991779,0.9999999999994758,0.9999999999909804,0.9999999999388827,0.9999999999920136,0.9999999995985449
0.10370741482965931,0.999999999999115,0.999999999999423,0.9999999999901096,0.9999999999339534,0.9999999999911398,0.9999999995685738
0.10521042084168336,0.9999999999990509,0.999999999999367,0.9999999999891862,0.9999999999288959,0.999999999990218,0.9999999995397998
0.10671342685370741,0.9999999999989843,0.9999999999993071,0.9999999999882081,0.9999999999237706,0.999999999989242,0.9999999995135398
0.10821643286573146,0.9999999999989161,0.999999999999244,0.9999999999871716,0.9999999999186654,0.9999999999882097,0.9999999994916794
0.10971943887775551,0.9999999999988465,0.9999999999991769,0.9999999999860728,0.9999999999136995,0.9999999999871126,0.9999999994768776
0.11122244488977956,0.9999999999987754,0.9999999999991059,0.9999999999849091,0.9999999999090355,0.9999999999859398,0.9999999994728417
0.11272545090180361,0.9999999999987027,0.9999999999990316,0.9999999999836761,0.9999999999048986,0.9999999999846741,0.9999999994846172
0.11422845691382766,0.9999999999986284,0.9999999999989532,0.9999999999823667,0.9999999999015817,0.9999999999832903,0.9999999995189496
0.11573146292585171,0.999999999998552,0.9999999999988703,0.9999999999809734,0.9999999998994591,0.9999999999817536,0.9999999995846638
0.11723446893787574,0.9999999999984731,0.9999999999987832,0.999999999979488,0.999999999898999,0.9999999999800149,0.9999999996930835
0.1187374749498998,0.999999999998392,0.9999999999986922,0.9999999999778983,0.999999999900789,0.9999999999780116,0.9999999998583694
0.12024048096192384,0.9999999999983078,0.9999999999985971,0.999999999976195,0.9999999999055389,0.9999999999756656,1.0000000000979152
0.12174348697394789,0.9999999999982205,0.999999999998498,0.9999999999743625,0.9999999999140976,0.9999999999728838,1.0000000004325866
0.12324649298597194,0.9999999999981298,0.9999999999983951,0.9999999999723848,0.9999999999274676,0.9999999999695486,1.000000000886913
0.12474949899799599,0.9999999999980348,0.9999999999982881,0.9999999999702398,0.9999999999467963,0.9999999999655268,1.0000000014891337
0.12625250501002003,0.9999999999979364,0.9999999999981778,0.9999999999679067,0.999999999973381,0.9999999999606625,1.0000000022711202
0.12775551102204408,0.9999999999978335,0.9999999999980635,0.9999999999653617,1.000000000008648,0.9999999999547853,1.0000000032681782
0.12925851703406813,0.9999999999977264,0.9999999999979455,0.9999999999625775,1.000000000054158,0.9999999999477048,1.00000000451868
0.13076152304609218,0.9999999999976148,0.9999999999978241,0.9999999999595268,1.0000000001115756,0.9999999999392185,1.000000006063577
0.13226452905811623,0.9999999999974982,0.9999999999976995,0.9999999999561772,1.0000000001826508,0.9999999999291055,1.0000000079457823
0.13376753507014028,0.9999999999973761,0.9999999999975719,0.999999999952498,1.0000000002691818,0.9999999999171393,1.0000000102094961
0.13527054108216433,0.9999999999972476,0.9999999999974409,0.999999999948458,1.0000000003729925,0.9999999999030863,1.0000000128994688
0.13677354709418837,0.9999999999971134,0.9999999999973069,0.9999999999440239,1.0000000004959062,0.9999999998867143,1.0000000160602458
0.13827655310621242,0.999999999996972,0.9999999999971698,0.9999999999391631,1.0000000006397143,0.999999999867792,1.000000019735446
0.13977955911823647,0.9999999999968238,0.9999999999970299,0.9999999999338443,1.0000000008061416,0.9999999998460914,1.000000023967057
0.14128256513026052,0.9999999999966687,0.9999999999968874,0.9999999999280393,1.0000000009968335,0.9999999998213964,1.0000000287947777
0.14278557114228457,0.9999999999965056,0.9999999999967423,0.9999999999217182,1.0000000012133188,0.9999999997935024,1.000000034255492
0.14428857715430862,0.9999999999963348,0.9999999999965943,0.9999999999148572,1.0000000014569963,0.9999999997622204,1.0000000403828309
0.14579158316633267,0.9999999999961561,0.9999999999964438,0.999999999907434,1.0000000017291186,0.999999999727382,1.0000000472068304
0.14729458917835672,0.9999999999959689,0.9999999999962906,0.999999999899427,1.0000000020307844,0.9999999996888332,1.0000000547536907
0.14879759519038077,0.9999999999957732,0.9999999999961351,0.9999999998908197,1.0000000023629363,0.9999999996464396,1.00000006304566
0.15030060120240482,0.9999999999955689,0.9999999999959763,0.9999999998815986,1.000000002726356,0.9999999996000914,1.0000000721010338
0.15180360721442884,0.9999999999953562,0.9999999999958156,0.9999999998717514,1.000000003121668,0.9999999995496955,1.0000000819342352
0.1533066132264529,0.9999999999951348,0.9999999999956521,0.999999999861269,1.0000000035493497,0.9999999994951804,1.0000000925559773
0.15480961923847694,0.9999999999949052,0.9999999999954869,0.9999999998501463,1.0000000040097348,0.9999999994364932,1.000000103973479
0.156312625250501,0.9999999999946672,0.9999999999953186,0.9999999998383788,1.0000000045030186,0.9999999993735978,1.0000001161907721
0.15781563126252504,0.9999999999944205,0.9999999999951484,0.999999999825966,1.0000000050292812,0.9999999993064753,1.0000001292090093
0.1593186372745491,0.9999999999941653,0.9999999999949754,0.9999999998129083,1.0000000055884992,0.9999999992351195,1.0000001430268002
0.16082164328657314,0.9999999999939018,0.9999999999947998,0.9999999997992082,1.0000000061805536,0.9999999991595385,1.0000001576405928
0.1623246492985972,0.9999999999936298,0.9999999999946221,0.999999999784868,1.0000000068052548,0.9999999990797476,1.0000001730450332
0.16382765531062124,0.999999999993349,0.9999999999944413,0.9999999997698936,1.0000000074623459,0.9999999989957729,1.000000189233333
0.1653306613226453,0.9999999999930606,0.9999999999942581,0.9999999997542891,1.00000000815153,0.9999999989076467,1.0000002061976303
0.16683366733466934,0.9999999999927637,0.9999999999940724,0.9999999997380614,1.00000000887247,0.9999999988154045,1.0000002239293229
0.1683366733466934,0.9999999999924587,0.9999999999938839,0.9999999997212161,1.0000000096248125,0.9999999987190875,1.0000002424193928
0.16983967935871744,0.999999999992146,0.999999999993693,0.9999999997037585,1.0000000104082003,0.999999998618738,1.0000002616586994
0.1713426853707415,0.9999999999918249,0.9999999999934994,0.9999999996856956,1.0000000112222718,0.9999999985143975,1.0000002816382458
0.17284569138276554,0.999999999991496,0.9999999999933027,0.9999999996670319,1.0000000120666854,0.9999999984061079,1.00000030234943
0.1743486973947896,0.9999999999911591,0.999999999993103,0.9999999996477725,1.0000000129411213,0.9999999982939075,1.0000003237842672
0.17585170340681364,0.9999999999908141,0.999999999992901,0.999999999627922,1.000000013845294,0.9999999981778311,1.0000003459355882
0.17735470941883769,0.9999999999904614,0.9999999999926956,0.9999999996074834,1.0000000147789527,0.9999999980579101,1.0000003687972068
0.1788577154308617,0.9999999999901008,0.9999999999924873,0.99999999958646,1.000000015741895,0.9999999979341674,1.000000392364064
0.18036072144288576,0.999999999989732,0.9999999999922758,0.9999999995648521,1.000000016733964,0.9999999978066221,1.0000004166323637
0.1818637274549098,0.9999999999893555,0.999999999992061,0.99999999954266,1.0000000177550605,0.9999999976752862,1.0000004415996804
0.18336673346693386,0.9999999999889707,0.9999999999918431,0.9999999995198834,1.000000018805145,0.9999999975401646,1.0000004672650467
0.1848697394789579,0.9999999999885778,0.9999999999916213,0.9999999994965192,1.0000000198842394,0.9999999974012539,1.000000493629042
0.18637274549098196,0.999999999988177,0.9999999999913963,0.9999999994725643,1.0000000209924278,0.9999999972585427,1.0000005206938603
0.187875751503006,0.999999999987767,0.9999999999911674,0.9999999994480139,1.0000000221298648,0.9999999971120119,1.0000005484633536
0.18937875751503006,0.999999999987349,0.9999999999909345,0.9999999994228622,1.0000000232967752,0.9999999969616328,1.0000005769430889
0.1908817635270541,0.9999999999869218,0.999999999990697,0.9999999993971015,1.0000000244934517,0.9999999968073673,1.0000006061403797
0.19238476953907815,0.999999999986486,0.9999999999904557,0.9999999993707216,1.0000000257202633,0.9999999966491692,1.0000006360643172
0.1938877755511022,0.9999999999860412,0.9999999999902103,0.9999999993437131,1.00000002697765,0.9999999964869816,1.0000006667258001
0.19539078156312625,0.9999999999855872,0.9999999999899596,0.9999999993160621,1.0000000282661288,0.999999996320738,1.0000006981375595
0.1968937875751503,0.9999999999851237,0.9999999999897043,0.999999999287756,1.00000002958629,0.9999999961503632,1.000000730314183
0.19839679358717435,0.9999999999846505,0.9999999999894441,0.999999999258779,1.000000030938803,0.9999999959757712,1.0000007632721264
0.1998997995991984,0.9999999999841674,0.999999999989179,0.9999999992291144,1.0000000323244145,0.9999999957968673,1.000000797029746
0.20140280561122245,0.9999999999836733,0.9999999999889079,0.9999999991987428,1.000000033743949,0.9999999956135448,1.0000008316073188
0.2029058116232465,0.9999999999831687,0.9999999999886312,0.9999999991676446,1.000000035198312,0.9999999954256873,1.0000008670270586
0.20440881763527055,0.9999999999826533,0.9999999999883489,0.9999999991357976,1.0000000366884902,0.9999999952331675,1.0000009033131507
0.2059118236472946,0.9999999999821264,0.9999999999880606,0.9999999991031783,1.00000003821555,0.9999999950358488,1.0000009404917667
0.20741482965931862,0.9999999999815873,0.9999999999877657,0.999999999069762,1.0000000397806454,0.9999999948335827,1.0000009785911046
0.20891783567134267,0.9999999999810361,0.9999999999874639,0.9999999990355207,1.0000000413850136,0.9999999946262098,1.0000010176414251
0.21042084168336672,0.9999999999804721,0.9999999999871552,0.9999999990004272,1.0000000430299765,0.9999999944135608,1.0000010576750826
0.21192384769539077,0.9999999999798947,0.9999999999868393,0.9999999989644497,1.000000044716947,0.9999999941954523,1.0000010987265797
0.21342685370741482,0.9999999999793033,0.9999999999865155,0.999999998927556,1.0000000464474286,0.999999993971691,1.0000011408326028
0.21492985971943887,0.9999999999786978,0.9999999999861844,0.9999999988897122,1.0000000482230156,0.9999999937420714,1.0000011840320857
0.21643286573146292,0.9999999999780772,0.9999999999858449,0.9999999988508823,1.0000000500453994,0.9999999935063755,1.0000012283662665
0.21793587174348697,0.9999999999774412,0.9999999999854967,0.999999998811028,1.0000000519163683,0.9999999932643738,1.0000012738787407
0.21943887775551102,0.9999999999767893,0.9999999999851398,0.9999999987701086,1.000000053837809,0.9999999930158231,1.0000013206155425
0.22094188376753507,0.9999999999761203,0.9999999999847732,0.9999999987280819,1.0000000558117148,0.9999999927604653,1.0000013686252187
0.22244488977955912,0.9999999999754335,0.9999999999843974,0.9999999986849029,1.000000057840186,0.99999999249803,1.0000014179589058
0.22394789579158317,0.9999999999747285,0.9999999999840111,0.9999999986405249,1.0000000599254304,0.9999999922282314,1.0000014686704275
0.22545090180360722,0.9999999999740045,0.999999999983614,0.9999999985948984,1.0000000620697747,0.9999999919507704,1.0000015208163806
0.22695390781563127,0.9999999999732604,0.9999999999832062,0.9999999985479717,1.0000000642756617,0.9999999916653302,1.0000015744562418
0.22845691382765532,0.9999999999724957,0.999999999982787,0.9999999984996895,1.000000066545659,0.9999999913715807,1.0000016296524807
0.22995991983967937,0.9999999999717087,0.999999999982355,0.9999999984499951,1.000000068882462,0.9999999910691731,1.0000016864706716
0.23146292585170342,0.9999999999708999,0.9999999999819111,0.9999999983988295,1.0000000712889001,0.999999990757742,1.0000017449796201
0.23296593186372747,0.9999999999700676,0.999999999981454,0.9999999983461288,1.00000007376794,0.999999990436904,1.000001805251492
0.2344689378757515,0.9999999999692109,0.9999999999809832,0.999999998291828,1.0000000763226955,0.9999999901062575,1.000001867361964
0.23597194388777554,0.9999999999683283,0.9999999999804983,0.9999999982358583,1.00000007895643,0.9999999897653798,1.0000019313903654
0.2374749498997996,0.9999999999674194,0.9999999999799986,0.9999999981781469,1.000000081672566,0.999999989413829,1.000001997419834
0.23897795591182364,0.9999999999664823,0.9999999999794827,0.9999999981186186,1.0000000844746866,0.9999999890511417,1.0000020655374806
0.24048096192384769,0.9999999999655167,0.9999999999789512,0.9999999980571943,1.0000000873665496,0.9999999886768329,1.0000021358345716
0.24198396793587174,0.9999999999645209,0.9999999999784034,0.9999999979937912,1.0000000903520907,0.9999999882903934,1.0000022084067028
0.24348697394789579,0.9999999999634935,0.9999999999778377,0.9999999979283232,1.0000000934354316,0.9999999878912904,1.000002283354001
0.24498997995991983,0.9999999999624335,0.999999999977254,0.9999999978606985,1.0000000966208913,0.9999999874789652,1.0000023607813129
0.24649298597194388,0.9999999999613389,0.9999999999766515,0.999999997790822,1.0000000999129912,0.999999987052833,1.0000024407984291
0.24799599198396793,0.9999999999602089,0.999999999976029,0.9999999977185956,1.0000001033164665,0.9999999866122811,1.0000025235202892
0.24949899799599198,0.999999999959041,0.9999999999753856,0.9999999976439133,1.0000001068362732,0.9999999861566684,1.000002609067218
0.25100200400801603,0.9999999999578336,0.9999999999747203,0.9999999975666677,1.0000001104776022,0.9999999856853236,1.0000026975651584
0.25250501002004005,0.9999999999565855,0.9999999999740328,0.9999999974867443,1.000000114245887,0.9999999851975435,1.000002789145922
0.25400801603206413,0.9999999999552959,0.9999999999733219,0.999999997404025,1.0000001181468117,0.9999999846925942,1.0000028839474382
0.25551102204408815,0.999999999953961,0.9999999999725866,0.9999999973183834,1.0000001221863262,0.9999999841697046,1.0000029821140108
0.25701402805611223,0.9999999999525799,0.9999999999718255,0.9999999972296896,1.0000001263706528,0.9999999836280684,1.0000030837966012
0.25851703406813625,0.9999999999511509,0.9999999999710382,0.9999999971378072,1.000000130706305,0.9999999830668439,1.000003189153089
0.26002004008016033,0.999999999949671,0.9999999999702224,0.9999999970425931,1.0000001352000918,0.9999999824851493,1.0000032983485614
0.26152304609218435,0.9999999999481388,0.9999999999693783,0.9999999969438995,1.0000001398591347,0.9999999818820641,1.0000034115556016
0.26302605210420843,0.9999999999465515,0.9999999999685037,0.99999999684157,1.0000001446908757,0.9999999812566245,1.00000352895457
0.26452905811623245,0.9999999999449072,0.999999999967598,0.9999999967354437,1.0000001497030953,0.9999999806078257,1.0000036507339087
0.26603206412825653,0.9999999999432033,0.9999999999666592,0.9999999966253499,1.0000001549039166,0.9999999799346153,1.0000037770904289
0.26753507014028055,0.9999999999414367,0.9999999999656861,0.999999996511113,1.0000001603018285,0.9999999792358971,1.000003908229601
0.26903807615230463,0.999999999939606,0.9999999999646775,0.9999999963925508,1.0000001659056896,0.9999999785105276,1.000004044365851
0.27054108216432865,0.9999999999377075,0.9999999999636322,0.9999999962694713,1.0000001717247449,0.999999977757313,1.000004185722833
0.2720440881763527,0.9999999999357391,0.9999999999625484,0.9999999961416774,1.0000001777686371,0.9999999769750102,1.0000043325337047
0.27354709418837675,0.9999999999336978,0.9999999999614245,0.9999999960089636,1.0000001840474186,0.9999999761623248,1.0000044850413892
0.27505010020040077,0.9999999999315812,0.9999999999602599,0.9999999958711187,1.0000001905715596,0.9999999753179114,1.0000046434987975
0.27655310621242485,0.9999999999293864,0.9999999999590526,0.9999999957279219,1.0000001973519594,0.9999999744403703,1.0000048081690294
0.27805611222444887,0.9999999999271107,0.999999999957801,0.9999999955791469,1.0000002043999552,0.9999999735282478,1.000004979325498
0.27955911823647295,0.9999999999247514,0.9999999999565043,0.9999999954245599,1.0000002117273177,0.9999999725800355,1.0000051572519855
0.28106212424849697,0.9999999999223055,0.9999999999551616,0.9999999952639197,1.0000002193462565,0.9999999715941736,1.0000053422425224
0.28256513026052105,0.9999999999197701,0.9999999999537711,0.9999999950969797,1.0000002272694004,0.9999999705690464,1.000005534601038
0.28406813627254507,0.9999999999171423,0.9999999999523314,0.9999999949234865,1.0000002355097735,0.999999969502988,1.000005734640616
0.28557114228456915,0.9999999999144196,0.999999999950842,0.999999994743182,1.0000002440807412,0.9999999683942888,1.0000059426822023
0.28707414829659317,0.9999999999115984,0.9999999999493017,0.9999999945558057,1.000000252995935,0.9999999672412031,1.0000061590525535
0.28857715430861725,0.9999999999086762,0.9999999999477097,0.9999999943610975,1.0000002622691417,0.9999999660419644,1.000006384081258
0.29008016032064127,0.9999999999056494,0.9999999999460659,0.9999999941588025,1.0000002719141488,0.9999999647948055,1.000006618096786
0.29158316633266534,0.9999999999025166,0.9999999999443694,0.999999993948675,1.0000002819445808,0.9999999634979907,1.0000068614217192
0.29308617234468937,0.9999999998992755,0.9999999999426208,0.9999999937304894,1.000000292373725,0.9999999621498513,1.0000071143677927
0.29458917835671344,0.9999999998959249,0.9999999999408193,0.9999999935040518,1.0000003032144202,0.9999999607488372,1.0000073772318623
0.29609218436873747,0.9999999998924652,0.9999999999389667,0.9999999932692143,1.0000003144790877,0.9999999592935722,1.000007650294621
0.29759519038076154,0.9999999998888995,0.9999999999370636,0.9999999930259003,1.0000003261800368,0.9999999577829278,1.0000079338243066
0.29909819639278556,0.999999999885233,0.9999999999351118,0.9999999927741344,1.000000338330201,0.9999999562161123,1.0000082280870393
0.30060120240480964,0.9999999998814751,0.9999999999331141,0.9999999925140979,1.000000350944492,0.9999999545927922,1.0000085333621516
0.30210420841683366,0.9999999998776419,0.9999999999310741,0.9999999922462002,1.0000003640419077,0.9999999529132702,1.0000088499509525
0.3036072144288577,0.9999999998737581,0.9999999999289975,0.9999999919711995,1.0000003776483168,0.9999999511787637,1.00000917814327
0.30511022044088176,0.9999999998698602,0.9999999999268918,0.999999991690377,1.0000003917994018,0.9999999493918731,1.0000095180535764
0.3066132264529058,0.9999999998660026,0.999999999924769,0.9999999914058028,1.0000004065421653,0.9999999475573585,1.0000098691329322
0.30811623246492986,0.9999999998622648,0.9999999999226452,0.9999999911207293,1.0000004219314307,0.999999945683486,1.0000102289639998
0.3096192384769539,0.9999999998587594,0.9999999999205449,0.9999999908401624,1.0000004380141199,0.9999999437843294,1.00001059059395
0.31112224448897796,0.9999999998556447,0.9999999999185012,0.9999999905717034,1.0000004547880508,0.9999999418837069,1.000010937070789
0.312625250501002,0.9999999998531404,0.9999999999165611,0.9999999903267555,1.0000004721123867,0.9999999400218355,1.0000112309189466
0.31412825651302606,0.9999999998515474,0.9999999999147906,0.9999999901222674,1.00000048953251,0.9999999382664189,1.0000113949086655
0.3156312625250501,0.999999999851272,0.9999999999132791,0.9999999899832258,1.0000005059620682,0.9999999367307669,1.0000112785500812
0.31713426853707416,0.9999999998528575,0.9999999999121478,0.999999989946211,1.000000519138446,0.9999999356026859,1.0000106022599584
0.3186372745490982,0.9999999998570205,0.9999999999115594,0.9999999900644039,1.0000005247355277,0.9999999351893653,1.000008868250642
0.32014028056112226,0.9999999998647006,0.9999999999117276,0.999999990414553,1.0000005149808977,0.9999999359851074,1.0000052243246624
0.3216432865731463,0.99999999987712,0.9999999999129326,0.9999999911065176,1.0000004765871122,0.9999999387704693,0.9999982648961637
0.32314629258517036,0.9999999998958543,0.9999999999155335,0.999999992296081,1.0000003877737351,0.9999999447529464,0.9999857545152833
0.3246492985971944,0.9999999999229231,0.9999999999199887,0.9999999942017748,1.0000002141353277,0.9999999557603579,0.9999642659701605
0.32615230460921846,0.9999999999608985,0.999999999926874,0.9999999971264516,0.9999999031083999,0.9999999744983733,0.9999287421218855
0.3276553106212425,1.0000000000130338,0.9999999999369056,1.0000000014842358,0.9999993768152851,1.0000000048826987,0.9998720232453223
0.32915831663326656,1.0000000000834095,0.9999999999509632,1.0000000078332878,0.9999985231213041,1.0000000524541666,0.9997844332770753
0.3306613226452906,1.0000000001771048,0.9999999999701157,1.0000000169145304,0.9999971848373895,1.0000001248811752,0.9996535846003569
0.3321643286573146,1.0000000003003835,0.9999999999956471,1.0000000296960956,0.9999951471337678,1.0000002325486792,0.9994646198872572
0.3336673346693387,1.0000000004608907,1.0000000000290823,1.0000000474227753,0.9999921233975684,1.0000003892265381,0.9992011139187043
0.3351703406813627,1.0000000006678642,1.000000000072212,1.0000000716692743,0.9999877399602306,1.0000006128028478,0.9988467451126579
0.3366733466933868,1.0000000009323367,1.0000000001271168,1.0000001043955473,0.999981520326923,1.000000926060527,0.9983875811086741
0.3381763527054108,1.0000000012673316,1.0000000001961853,1.0000001480020337,0.9999728697446109,1.0000013574685627,0.9978144710301218
0.3396793587174349,1.0000000016880362,1.000000000282131,1.000000205382225,0.9999610611293019,1.0000019419534343,0.9971247966961407
0.3411823647294589,1.0000000022119462,1.0000000003879999,1.0000002799697354,0.9999452235166443,1.000002721612068,0.9963229324265157
0.342685370741483,1.0000000028589633,1.0000000005171747,1.0000003757769391,0.9999243342829631,1.0000037463254614,0.9954192378159682
0.344188376753507,1.0000000036514383,1.0000000006733698,1.000000497422266,0.9998972163869819,1.0000050742322326,0.9944280029577895
0.3456913827655311,1.0000000046141557,1.0000000008606145,1.0000006501434824,0.9998625417896905,1.0000067720239352,0.9933651091689679
0.3471943887775551,1.0000000057742464,1.0000000010832302,1.0000008397946782,0.999818842010498,1.0000089150287805,0.992246092828011
0.3486973947895792,1.0000000071610262,1.0000000013457973,1.0000010728252153,0.9997645264694728,1.0000115870575106,0.9910849494756874
0.3502004008016032,1.0000000088057568,1.0000000016531112,1.000001356239567,0.9996979088556999,1.0000148799939745,0.9898936587494546
0.3517034068136273,1.0000000107413347,1.0000000020101298,1.000001697537758,0.9996172412705433,1.000018893123236,0.9886822144970093
0.3532064128256513,1.000000013001907,1.000000002421912,1.0000021046369338,0.9995207553537688,1.0000237322011336,0.9874589147863299
0.35470941883767537,1.0000000156224291,1.000000002893549,1.0000025857754695,0.9994067090532174,1.000029508280654,0.9862307277782328
0.3562124248496994,1.0000000186381637,1.0000000034300924,1.0000031494018147,0.9992734371952907,1.0000363363216196,0.9850036292424837
0.3577154308617234,1.000000022084153,1.0000000040364772,1.0000038040510506,0.9991194036059937,1.0000443336203884,0.9837828692910265
0.3592184368737475,1.0000000259946582,1.0000000047174402,1.0000045582127561,0.9989432522683067,1.000053618104964,0.9825731622390892
0.3607214428857715,1.0000000304026007,1.0000000054774487,1.0000054201942434,0.9987438549167591,1.000064306547666,0.9813788101224356
0.3622244488977956,1.0000000353390133,1.000000006320623,1.000006397983525,0.9985203525824642,1.0000765127517812,0.9802037753514324
0.3637274549098196,1.0000000408325256,1.0000000072506712,1.00000749911643,0.9982721889082593,1.000090345770247,0.9790517173647179
0.3652304609218437,1.0000000469088923,1.0000000082708291,1.0000087305521654,0.9979991335293305,1.000105908213324,0.9779260055180206
0.3667334669338677,1.0000000535905813,1.0000000093838113,1.0000100985612745,0.9977012944158561,1.0001232946983278,0.9768297175284638
0.3682364729458918,1.0000000608964443,1.0000000105917721,1.0000116086293962,0.9973791187442131,1.0001425904883041,0.9757656302576198
0.3697394789579158,1.0000000688414639,1.0000000118962797,1.000013265379587,0.9970333825396834,1.0001638703581948,0.9747362076161332
0.3712424849699399,1.0000000774365867,1.0000000132983051,1.0000150725151615,0.9966651699571671,1.0001871977173138,0.97374358886398
0.3727454909819639,1.000000086688656,1.0000000147982193,1.000017032784155,0.9962758435872798,1.0002126240062597,0.9727895794608099
0.374248496993988,1.0000000966004257,1.0000000163958063,1.0000191479656926,0.9958670075588759,1.0002401883754772,0.9718756457918151
0.375751503006012,1.0000001071706666,1.0000000180902882,1.0000214188777035,0.9954404654383344,1.0002699176421317,0.9710029144772813
0.3772545090180361,1.0000001183943463,1.000000019880357,1.000023845404708,0.9949981750006883,1.0003018265122523,0.9701721765131629
0.3787575150300601,1.0000001302628827,1.0000000217642204,1.000026426543776,0.9945422018824901,1.0003359180467792,0.9693838961474442
0.3802605210420842,1.00000014276445,1.0000000237396502,1.0000291604662672,0.9940746739464232,1.000372184343439,0.9686382241470655
0.3817635270541082,1.0000001558843383,1.00000002580404,1.000032044592642,0.9935977379240559,1.0004106074015557,0.9679350149345529
0.3832665330661323,1.0000001696053402,1.000000027954463,1.0000350756774357,0.9931135195883627,1.0004511601339245,0.9672738469513862
0.3847695390781563,1.000000183908164,1.0000000301877354,1.000038249901454,0.9926240883714289,1.0004938074887748,0.9666540454320696
0.38627254509018033,1.000000198771854,1.0000000325004783,1.0000415629682993,0.992131427016727,1.0005385076451914,0.9660747068044713
0.3877755511022044,1.0000002141742086,1.0000000348891773,1.0000450102024896,0.9916374065712606,1.0005852132462878,0.9655347249552539
0.38927855711422843,1.0000002300921909,1.0000000373502427,1.000048586646635,0.9911437667483923,1.0006338726373416,0.9650328180644479
0.3907815631262525,1.000000246502319,1.0000000398800637,1.0000522871555828,0.9906521014483829,1.000684431081873,0.9645675548156992
0.39228456913827653,1.0000002633810288,1.0000000424750601,1.0000561064859157,0.9901638490855721,1.0007368319335626,0.9641373799972124
0.3937875751503006,1.0000002807050077,1.000000045131727,1.0000600393795782,0.9896802872723071,1.000791017744311,0.9637406391310429
0.39529058116232463,1.0000002984514973,1.0000000478466762,1.0000640806405316,0.9892025313253395,1.000846931292356,0.9633756017174813
0.3967935871743487,1.0000003165985598,1.0000000506166715,1.0000682252036375,0.988731536022698,1.0009045165197488,0.9630404828315842
0.3982965931863727,1.000000335125312,1.0000000534386602,1.0000724681953352,0.9882681000395147,1.0009637193731014,0.9627334628934685
0.3997995991983968,1.0000003540121207,1.0000000563097962,1.0000768049860747,0.9878128725134047,1.0010244885448476,0.962452705501256
0.4013026052104208,1.0000003732407674,1.0000000592274612,1.0000812312346732,0.9873663612279884,1.0010867761150604,0.9621963732775566
0.4028056112224449,1.0000003927945758,1.0000000621892804,1.0000857429249115,0.9869289419525803,1.0011505380964392,0.9619626417335881
0.4043086172344689,1.0000004126585131,1.000000065193134,1.0000903363948237,0.9865008685318128,1.0012157348871111,0.9617497111985914
0.405811623246493,1.0000004328192575,1.0000000682371664,1.0000950083592395,0.9860822833769559,1.001282331637417,0.9615558168966738
0.407314629258517,1.0000004532652502,1.00000007131979,1.0000997559262081,0.9856732280679474,1.0013502985379041,0.961379237279184
0.4088176352705411,1.000000473986716,1.0000000744396853,1.000104576607986,0.9852736538295065,1.001419611036413,0.9612183007388272
0.4103206412825651,1.000000494975676,1.000000077595803,1.0001094683272695,0.9848834316946017,1.0014902499924747,0.961071390843325
0.4118236472945892,1.0000005162259356,1.0000000807873572,1.000114429419343,0.9845023622132957,1.0015622017772703,0.9609369502321558
0.4133266533066132,1.0000005377330647,1.0000000840138241,1.0001194586308033,0.9841301846040226,1.0016354583272555,0.960813483321035
0.41482965931863724,1.0000005594943682,1.0000000872749333,1.0001245551154676,0.9837665852777986,1.0017100171591815,0.9606995579561234
0.4163326653306613,1.0000005815088435,1.0000000905706596,1.0001297184280393,0.9834112056937532,1.0017858813537777,0.960593806154415
0.41783567134268534,1.0000006037771387,1.0000000939012201,1.000134948516047,0.9830636495273037,1.0018630595148361,0.9604949240591644
0.4193386773547094,1.0000006263015022,1.0000000972670606,1.0001402457105304,0.9827234891505069,1.0019415657098059,0.9604016712301335
0.42084168336673344,1.0000006490857314,1.000000100668852,1.0001456107158848,0.9823902714383701,1.0020214193974093,0.9603128693784543
0.4223446893787575,1.0000006721351227,1.0000001041074775,1.0001510445992208,0.9820635229256071,1.002102645347177,0.9602274006456218
0.42384769539078154,1.0000006954564178,1.0000001075840292,1.000156548779563,0.9817427543460071,1.0021852735551882,0.9601442055156556
0.4253507014028056,1.0000007190577553,1.000000111099797,1.000162125017151,0.9814274645918474,1.0022693391597493,0.9600622804392839
0.42685370741482964,1.0000007429486213,1.0000001146562636,1.0001677754030627,0.9811171441339407,1.002354882360227,0.9599806752392519
0.4283567134268537,1.0000007671398057,1.0000001182550955,1.0001735023493534,0.9808112779444674,1.0024419483417566,0.9598984903566415
0.42985971943887774,1.000000791643359,1.0000001218981394,1.0001793085798605,0.9805093479650213,1.002530587208125,0.9598148739895962
0.4313627254509018,1.0000008164725578,1.0000001255874138,1.0001851971217948,0.9802108351615647,1.0026208539247468,0.9597290191679843
0.43286573146292584,1.0000008416418678,1.0000001293251064,1.0001911712982174,0.9799152212065391,1.0027128082733117,0.9596401608005447
0.4343687374749499,1.000000867166917,1.0000001331135684,1.0001972347214747,0.9796219898264226,1.0028065148194045,0.9595475727246496
0.43587174348697394,1.0000008930644704,1.000000136955311,1.0002033912876467,0.9793306278506902,1.0029020428941346,0.9594505647832784
0.437374749498998,1.000000919352412,1.0000001408530044,1.0002096451720497,0.9790406259956018,1.0029994665906197,0.9593484799488018
0.43887775551102204,1.0000009460497263,1.0000001448094726,1.0002160008258176,0.978751479413596,1.0030988647759982,0.9592406915089322
0.44038076152304606,1.000000973176492,1.000000148827695,1.0002224629735823,0.9784626880364297,1.003200321119499,0.9591266003263931
0.44188376753507014,1.000001000753875,1.0000001529108045,1.0002290366122528,0.9781737567375567,1.0033039241369874,0.9590056321807743
0.44338677354709416,1.0000010288041272,1.0000001570620864,1.000235727010904,0.9778841953367478,1.0034097672523425,0.9588772351982419
0.44488977955911824,1.0000010573505909,1.0000001612849818,1.0002425397117694,0.9775935184675104,1.003517948875931,0.9587408773725481
0.44639278557114226,1.0000010864177085,1.0000001655830857,1.0002494805323259,0.9773012453256349,1.003628572500423,0.9585960441788608
0.44789579158316634,1.0000011160310351,1.000000169960153,1.0002565555684728,0.9770068993150772,1.0037417468141654,0.9584422362803722
0.44939879759519036,1.000001146217255,1.0000001744200973,1.0002637711987887,0.976710007605448,1.003857585832313,0.9582789673263649
0.45090180360721444,1.000001177004206,1.0000001789669954,1.0002711340898591,0.9764101006136049,1.0039762090459219,0.958105761839396
0.45240480961923846,1.0000012084209051,1.000000183605094,1.0002786512026662,0.9761067114202091,1.0040977415892243,0.9579221531884654
0.45390781563126253,1.0000012404975789,1.0000001883388105,1.0002863298000344,0.9757993751306808,1.0042223144253197,0.9577276816443773
0.45541082164328656,1.0000012732656984,1.0000001931727402,1.0002941774551235,0.9754876281886292,1.0043500645505397,0.9575218925130895
0.45691382765531063,1.0000013067580213,1.0000001981116626,1.0003022020609673,0.9751710076487154,1.004481135217798,0.957304334342467
0.45841683366733466,1.0000013410086321,1.0000002031605464,1.0003104118410504,0.9748490504147836,1.0046156761792326,0.9570745571975704
0.45991983967935873,1.0000013760529927,1.0000002083245574,1.0003188153609335,0.9745212924482418,1.004753843948536,0.9568321109989621
0.46142284569138275,1.0000014119279932,1.000000213609066,1.0003274215409153,0.9741872679507398,1.0048958020833672,0.9565765439156119
0.46292585170340683,1.0000014486720092,1.0000002190196555,1.0003362396697477,0.9738465085245368,1.0050417214883183,0.9563074008017092
0.46442885771543085,1.0000014863249618,1.0000002245621318,1.0003452794194003,0.9734985423135585,1.0051917807389166,0.9560242216902998
0.46593186372745493,1.0000015249283825,1.0000002302425304,1.0003545508608898,0.9731428931279688,1.0053461664271766,0.955726540359721
0.46743486973947895,1.0000015645254838,1.0000002360671298,1.000364064481173,0.9727790795542152,1.0055050735292468,0.9554138829344492
0.468937875751503,1.0000016051612317,1.0000002420424605,1.000373831201117,0.9724066140512582,1.005668705795778,0.9550857665017146
0.47044088176352705,1.0000016468824233,1.0000002481753156,1.0003838623945605,0.9720250020337546,1.0058372761657186,0.9547416977604567
0.4719438877755511,1.0000016897377706,1.0000002544727646,1.0003941699084833,0.9716337409436723,1.006011007204272,0.9543811717032239
0.47344689378757515,1.0000017337779852,1.000000260942165,1.0004047660843094,0.9712323193114869,1.006190131565687,0.9540036703228978
0.4749498997995992,1.000001779055873,1.0000002675911752,1.0004156637803476,0.970820215807501,1.0063748924815663,0.9536086613403657
0.47645290581162325,1.0000018256264271,1.000000274427771,1.0004268763953852,0.9703968982837284,1.0065655442754324,0.9531955969508024
0.4779559118236473,1.0000018735469292,1.0000002814602558,1.00043841789344,0.9699618228069399,1.0067623529043146,0.9527639125862133
0.47945891783567135,1.0000019228770565,1.0000002886972785,1.0004503028296885,0.9695144326835047,1.0069655965281268,0.9523130256921406
0.48096192384769537,1.0000019736789894,1.0000002961478511,1.0004625463775738,0.9690541574767434,1.0071755661075545,0.9518423345168017
0.48246492985971945,1.0000020260175304,1.000000303821362,1.0004751643571086,0.9685804120176247,1.0073925660311533,0.9513512169112607
0.48396793587174347,1.0000020799602192,1.000000311727595,1.0004881732643698,0.9680925954098454,1.0076169147723153,0.950839029139509
0.48547094188376755,1.00000213557746,1.0000003198767469,1.0005015903021859,0.9675900900305523,1.007848945576701,0.9503051046973022
0.48697394789579157,1.0000021929426495,1.0000003282794472,1.0005154334120014,0.9670722605282487,1.0080890071806492,0.9497487531382645
0.48847695390781565,1.0000022521323106,1.0000003369467765,1.00052972130691,0.9665384528197636,1.0083374645609828,0.9491692589051195
0.48997995991983967,1.0000023132262306,1.0000003458902869,1.0005444735058253,0.9659879930885563,1.0085946997164916,0.9485658801637815
0.49148296593186375,1.000002376307604,1.0000003551220236,1.0005597103687585,0.9654201867872455,1.0088611124811873,0.9479378476404862
0.49298597194388777,1.0000024414631792,1.0000003646545452,1.0005754531331355,0.9648343176481264,1.0091371213691938,0.9472843634698521
0.49448897795591185,1.0000025087834103,1.0000003745009474,1.0005917239510786,0.9642296467066518,1.0094231644508105,0.9466046000756835
0.49599198396793587,1.0000025783626088,1.0000003846748826,1.0006085459275305,0.9636054113442312,1.00971970025892,0.9458976991226401
0.4974949899799599,1.0000026502990995,1.0000003951905843,1.0006259431590832,0.9629608243578909,1.0100272087245246,0.9451627705872228
0.49899799599198397,1.000002724695377,1.0000004060628878,1.000643940773349,0.9622950730649369,1.0103461921398236,0.9443988919944245
0.500501002004008,1.0000028016582625,1.000000417307253,1.0006625649687089,0.9616073184509086,1.0106771761469364,0.943605107858586
0.5020040080160321,1.0000028812990602,1.0000004289397826,1.0006818430542814,0.9608966943696787,1.011020710749925,0.942780429382718
0.5035070140280561,1.000002963733714,1.0000004409772492,1.0007018034898885,0.9601623068071656,1.011377371347144,0.941923834561884
0.5050100200400801,1.0000030490829628,1.0000004534371125,1.0007224759257454,0.9594032332274558,1.011747759779838,0.9410342690702027
0.5065130260521042,1.0000031374724923,1.0000004663375412,1.0007438912414335,0.9586185220363547,1.012132505391156,0.9401106487559215
0.5080160320641283,1.0000032290330791,1.0000004796974367,1.0007660815834583,0.9578071922304955,1.0125322660869,0.9391518652737525
0.5095190380761523,1.0000033239007209,1.000000493536449,1.0007890804002897,0.9569682333649652,1.0129477293845515,0.9381567973353739
0.5110220440881763,1.0000034222167382,1.0000005078749914,1.0008129224730564,0.9561006060939822,1.0133796134286026,0.9371243311118873
0.5125250501002004,1.000003524127836,1.0000005227342472,1.000837643938845,0.9552032437520663,1.013828667935,0.9360533941212377
0.5140280561122245,1.0000036297860941,1.0000005381361614,1.0008632823014263,0.9542750557840811,1.0142956750008172,0.934943006902164
0.5155310621242485,1.0000037393488377,1.0000005541034147,1.0008898764208847,0.9533149343196562,1.0147814496709462,0.9337923552542624
0.5170340681362725,1.0000038529783315,1.0000005706593624,1.0009174664685634,0.9523217657875941,1.0152868400847856,0.9326008823876797
0.5185370741482966,1.000003970841196,1.0000005878279314,1.0009460938269288,0.9512944500564818,1.015812726927311,0.9313683951930084
0.5200400801603207,1.0000040931074254,1.000000605633445,1.000975800905589,0.9502319299357627,1.016360021780442,0.930095173122315
0.5215430861723447,1.000004219948845,1.0000006241003674,1.0010066308359855,0.949133233657178,1.0169296638219425,0.9287820637164598
0.5230460921843687,1.0000043515368413,1.0000006432529298,1.001038627000263,0.9479975318649213,1.01752261417368,0.9274305475707582
0.5245490981963927,1.0000044880391887,1.0000006631146263,1.0010718323474146,0.9468242085160042,1.0181398470975347,0.9260427586430829
0.5260521042084169,1.0000046296158451,1.0000006837075661,1.0011062884554909,0.9456129420903712,1.0187823372249551,0.9246214529225608
0.5275551102204409,1.0000047764136608,1.0000007050516773,1.0011420343150954,0.9443637901948876,1.0194510421333578,0.9231699277127221
0.5290581162324649,1.000004928560085,1.0000007271637843,1.0011791048377319,0.9430772679034894,1.0201468798753905,0.9216919024501191
0.5305611222444889,1.0000050861560896,1.000000750056604,1.0012175291309455,0.9417544089624938,1.0208707014974083,0.920191377681956
0.5320641282565131,1.0000052492687213,1.000000773737711,1.0012573286251216,0.9403967999656512,1.0216232590178578,0.9186724903638925
0.5335671342685371,1.0000054179238116,1.0000007982085655,1.0012985151752878,0.9390065808240233,1.0224051694422103,0.9171393812811729
0.5350701402805611,1.0000055920994624,1.0000008234636746,1.0013410892827914,0.9375864096763808,1.023216874446664,0.9155960855021384
0.5365731462925851,1.000005771720889,1.0000008494899768,1.0013850385703509,0.9361393956490933,1.024058591865526,0.9140464510767452
0.5380761523046093,1.0000059566570387,1.0000008762665005,1.0014303365776458,0.9346690073092786,1.0249302460205658,0.9124940861504531
0.5395791583166333,1.0000061467190255,1.0000009037643165,1.001476941788633,0.9331789673062495,1.0258313432843393,0.9109423311079203
0.5410821643286573,1.000006341659835,1.000000931946748,1.0015247964952474,0.9316731441977442,1.026760716085681,0.9093942504849702
0.5425851703406813,1.0000065411737662,1.0000009607697171,1.0015738245362864,0.9301554510540352,1.0277159742572914,0.9078526389354536
0.5440881763527055,1.0000067448926024,1.000000990182007,1.001623925937821,0.9286297577892776,1.028692350624958,0.9063200360531289
0.5455911823647295,1.00000695237312,1.0000010201250935,1.0016749647218055,0.9270998210832565,1.0296803862076662,0.904798745860766
0.5470941883767535,1.0000071630669447,1.000001050531989,1.0017267431991068,0.9255692329101703,1.0306616151024883,0.9032908579251508
0.5485971943887775,1.0000073762582178,1.000001081324316,1.0017789513353919,0.9240413865116252,1.0316014062324532,0.9017982681080817
0.5501002004008015,1.0000075909464676,1.0000011124064572,1.0018310726189035,0.9225194572932246,1.0324395178080144,0.9003226978104029
0.5516032064128257,1.0000078056407415,1.0000011436551908,1.0018822177938667,0.9210063955325528,1.0330840983340037,0.8988657111835056
0.5531062124248497,1.000008018015953,1.000001174902645,1.0019308451771496,0.9195049277900971,1.0334247297772197,0.8974287301940448
0.5546092184368737,1.0000082243634503,1.0000012059097176,1.0019743135585115,0.9180175643135535,1.0333815832611415,0.8960130476764755
0.5561122244488977,1.0000084187456464,1.0000012363263557,1.0020082083958184,0.9165466103503976,1.0329688204843308,0.8946198386408283
0.5576152304609219,1.0000085917406156,1.0000012656343145,1.0020254015119816,0.9150941800250235,1.0322951969043954,0.8932501701596246
0.5591182364729459,1.0000087286395407,1.0000012930673403,1.0020148819641934,0.9136622122576917,1.0314825297553147,0.8919050101681939
0.5606212424849699,1.0000088069412563,1.0000013175032247,1.0019605799079012,0.9122524891369825,1.0306007618952184,0.8905852354977065
0.5621242484969939,1.0000087929783192,1.000001337322061,1.0018407312913218,0.9108666583227136,1.0296711607364835,0.8892916394330386
0.5636272545090181,1.0000086375125348,1.0000013502253708,1.0016287246112574,0.9095062627184655,1.0286929195950967,0.8880249390556585
0.5651302605210421,1.0000082701588657,1.0000013530116856,1.001296486399577,0.9081727834769778,1.0276595367323504,0.8867857825985511
0.5666332665330661,1.000007592538276,1.000001341305743,1.0008206658278533,0.9068677082808414,1.0265645914988504,0.8855747570070674
0.5681362725450901,1.0000064701236346,1.0000013092406426,1.0001898556865667,0.9055926516425146,1.0254030472318465,0.884392395866112
0.5696392785571143,1.0000047228276956,1.0000012490950685,0.9994090405650933,0.9043495975123321,1.0241712748416343,0.8832391878190122
0.5711422845691383,1.0000021144854927,1.0000011508908213,0.9984979981455367,0.9031414839598987,1.0228668458095072,0.8821155855652368
0.5726452905811623,0.9999983415002817,1.0000010019592929,0.9974842605238976,0.9019739846002701,1.0214883535897947,0.8810220154805715
0.5741482965931863,0.999993021045831,1.0000007864888376,0.996394962263295,0.9008631755042075,1.0200352994576778,0.8799588878524216
0.5756513026052105,0.9999856793403864,1.0000004850681106,0.9952516715915534,0.8999013793559197,1.0185080291197652,0.8789266076621862
0.5771543086172345,0.9999757406202111,1.0000000742430606,0.994069154137201,0.8971413199574118,1.0169077009847605,0.8779255857737709
0.5786573146292585,0.9999625175338288,0.9999995261072641,0.9928565999430368,0.8970548669759852,1.015236270609752,0.8769562503007486
0.5801603206412825,0.9999452037425051,0.9999988079464892,0.9916195481125938,0.8961404080940489,1.013496480470212,0.8760190578234971
0.5816633266533066,0.9999228695387349,0.9999978819587225,0.9903615282806908,0.895190314946165,1.0116918485364175,0.875114504014103
0.5831663326653307,0.9998944612741073,0.9999967050702753,0.9890851617013251,0.8942544179652777,1.009826652738442,0.8742431331067575
0.5846693386773547,0.9998588053138129,0.999995228867044,0.9877928022976908,0.8933452666139071,1.0079059106426178,0.8734055455377018
0.5861723446893787,0.9998146171027045,0.9999933996574527,0.9864868717652362,0.8924677364116694,1.0059353544326624,0.8726024029922669
0.5876753507014028,0.9997605157361807,0.999991158680158,0.9851700147339096,0.8916242750103068,1.0039214016223765,0.871834430067713
0.5891783567134269,0.9996950441819433,0.9999884424652582,0.9838451550185633,0.8908163686766302,1.0018711234922282,0.8711024118251323
0.5906813627254509,0.999616695005091,0.9999851833526378,0.9825154993065026,0.8900450755994457,0.9997922173511344,10.0
0.5921843687374749,0.9995239411242792,0.9999813101653487,0.9811845130914227,0.8893112607673695,0.9976929961735744,0.7746089649237581
0.593687374749499,0.9994152707916858,0.9999767490298024,0.9798558816509906,0.8886157183450804,0.995582419982715,0.8115517882179468
0.5951903807615231,0.9992892256694769,0.9999714243282364,0.9785334626091798,0.8879592520406198,0.9934702017562511,0.8061464164454749
0.5966933867735471,0.999144440597982,0.9999652597628025,0.9772212335460083,0.887342757021716,0.9913669973064311,0.8117062382167213
0.5981963927855711,0.9989796834428578,0.9999581795049809,0.9759232366981212,0.8867673361633119,0.9892845524321959,0.8102991336645884
0.5996993987975952,0.9987938932932698,0.999950109399242,0.9746435222009561,0.8862344134533009,0.9872353420315598,0.8131708013677845
0.6012024048096193,0.998586215276862,0.9999409781862579,0.9733860911167888,0.8857456016583749,0.9852309681950632,0.8025360872022637
0.6027054108216433,0.9983560303666633,0.9999307187087987,0.9721548394448895,0.8853019142781159,0.9832796276432807,0.7830597928036465
0.6042084168336673,0.9981029787759922,0.9999192690629392,0.9709535043042676,0.8849025253415661,0.9813856350142606,0.7142557746277803
0.6057114228456913,0.9978269758546954,0.9999065736584046,0.9697856134588145,0.8845448145585054,0.9795524601879791,0.6937708391237832
0.6072144288577154,0.9975282197891672,0.9998925841548393,0.9686544392930829,0.8842265091475188,0.9777838537457926,6.131670841788059
0.6087174348697395,0.9972071908382204,0.9998772602452922,0.9675629582361077,10.0,0.9760788087407242,10.0
0.6102204408817635,0.9968646422726539,0.9998605702640666,0.9665138164721716,0.45724057577700716,0.9744239539691018,1.098812465391881
0.6117234468937875,0.9965015835946275,0.999842491602904,0.9655093025791397,0.5621945701884808,0.9728132610978033,10.0
0.6132264529058116,0.9961192569645565,0.9998230109268958,0.9645513275083651,10.0,0.9713013342107432,0.5591799544353514
0.6147294589178357,0.9957191080360343,0.9998021241890789,0.9636414120783782,1.082140040168767,0.9699222911673255,0.1
0.6162324649298597,0.9953027525801491,0.9997798364499464,0.9627806819108468,0.3040148650012063,0.9686571554371781,0.25323456039168907
0.6177354709418837,0.994871940365351,0.9997561615147422,0.9619698695026216,0.1,0.9674922635015886,0.36311994757057825
0.6192384769539078,0.9944285177523893,0.9997311214070421,0.9612093229080034,0.1,0.9664308143162237,0.48279814080888944
0.6207414829659319,0.9939743903770539,0.9997047457015654,0.9604990202939093,0.8987462068540502,0.965456830630266,0.5275694052628496
0.6222444889779559,0.9935114871427898,0.9996770707422545,0.9598385893909772,0.1,0.9646268232604714,0.5339338390206042
0.62374749498998,0.9930417265494128,0.9996481387733974,0.9592273304919855,1.0054700312577984,0.963788146485382,0.4806443982959092
0.625250501002004,0.9925669861625123,0.9996179970119835,0.9586642409546445,0.9284881070727885,0.9632173815246817,0.5382059523876312
0.6267535070140281,0.9920890757991137,0.9995866966887519,0.958148038206909,0.926067058657952,0.962477871237403,0.6237179406293355
0.6282565130260521,0.9916097147852917,0.9995542920836562,0.9576771788301182,0.9740992491029838,0.9620268623093867,0.5491184971440427
0.6297595190380761,0.9911305134434477,0.9995208395790004,0.9572498778446732,0.8160008900824701,0.9614759099415974,0.5133622323726603
0.6312625250501002,0.9906529587972193,0.9994863967504367,0.9568641433753609,0.3888819236046668,0.9611008960333222,0.9722210312791902
0.6327655310621242,0.9901784043385342,0.9994510215125837,0.9565178384456792,0.8765465243559554,0.9607214162473424,0.8028333171004394
0.6342685370741483,0.989708063577486,0.9994147713323406,0.9562087530761474,0.6039472133802535,0.9604387626559348,10.0
0.6357715430861723,0.9892430069915591,0.9993777025191639,0.9559346513375346,0.5766592362111894,0.960185997926607,1.5157877973150882
0.6372745490981964,0.98878416192022,0.9993398695978252,0.9556932829323739,0.9717193472847626,0.9599880894487688,0.2840172614031275
0.6387775551102204,0.9883323149315382,0.9993013247656624,0.9554823836858454,0.34895093259797705,0.9598250135551423,0.49561171780758256
0.6402805611222445,0.9878881162173432,0.9992621174333643,0.9552996873128107,4.818296437045766,0.9596981525800531,0.5887868620287833
0.6417835671342685,0.9874520856234612,0.9992222938460544,0.9551429465105657,0.6410986483315936,0.9596052206779735,0.5150157930476806
0.6432865731462926,0.9870246199585209,0.9991818967800148,0.955009952173564,1.0451204607273026,0.9595455524789603,0.6709317999099742
0.6447895791583166,0.9866060012401036,0.9991409653096769,0.9548985467585462,0.9429251217469773,0.9595166451322933,0.7433381842776452
0.6462925851703407,0.9861964055491544,0.999099534639273,0.954806633890451,0.1396057848897119,0.9595142344058232,0.7507124536857609
0.6477955911823647,0.9857959121934398,0.9990576359934679,0.9547321861742689,0.9369570992553805,0.9595335209028348,0.6907487601846831
0.6492985971943888,0.9854045129307216,0.999015296561105,0.9546732515377998,0.8593894301071285,0.9595701893874228,0.7381316161020288
0.6508016032064128,0.9850221210580673,0.9989725394858794,0.9546279579510217,0.8281583765520526,0.9596208030463947,0.7423337680676599
0.6523046092184369,0.9846485802211533,0.9989293838973302,0.9545945165704925,0.810584388531022,0.9596826418001186,0.6984561809486192
0.6538076152304609,0.9842836728326022,0.9988858449752612,0.9545712235069755,0.8550269311297056,0.959753192149779,0.7543710215013405
0.655310621242485,0.9839271280154573,0.9988419340407151,0.9545564604174331,0.896277387349845,0.9598296740323368,0.45752699594710894
0.656813627254509,0.9835786290117458,0.998797658667005,0.9545486940928176,0.5607212536898261,0.9599089484736348,0.5827457389056129
0.6583166332665331,0.983237820018341,0.9987530228050032,0.9545464751962872,10.0,0.959987884389299,0.6269165381849292
0.6598196392785571,0.9829043124321508,0.998708026917753,0.9545484362961822,0.4176287017451378,0.9600640109986871,0.7060485150552949
0.6613226452905812,0.9825776905028472,0.9986626681203488,0.9545532893265621,0.6155364973255286,0.9601360967429713,0.7230718342825044
0.6628256513026052,0.9822575164037529,0.9986169403218031,0.9545598225948584,0.6699421750783697,0.9602041543490037,0.7246696350887614
0.6643286573146292,0.9819433347406124,0.9985708343662264,0.95456689744264,0.5337572568569103,0.9602686508927036,0.7379936480879936
0.6658316633266533,0.9816346765245618,0.9985243381711076,0.9545734446522595,0.6846138869870125,0.9603295186053594,0.7433077696215068
0.6673346693386774,0.9813310626402191,0.9984774368608291,0.9545784606795695,0.712070424208159,0.9603858113201421,0.7419898503734975
0.6688376753507014,0.981032006842788,0.9984301128938448,0.954581003781022,0.6851447918013763,0.9604360483826528,0.7472289066578961
0.6703406813627254,0.9807370183196835,0.9983823461822063,0.9545801900925217,0.6860553499436258,0.9604786924832213,0.7590058650297967
0.6718436873747495,0.9804456038526805,0.9983341142023944,0.9545751897074467,0.7101687736962663,0.9605124117504957,0.7638441625599299
0.6733466933867736,0.9801572696161793,0.9982853920966543,0.9545652227923188,0.725604713259313,0.960536132185153,0.8161785393941672
0.6748496993987976,0.9798715226461376,0.9982361527642757,0.9545495557707291,0.7249382667246622,0.9605489966501001,0.7789547184746402
0.6763527054108216,0.979587872012657,0.9981863669424633,0.9545274975992629,0.7321179604649917,0.9605503087024577,0.780286621916102
0.6778557114228457,0.9793058297273557,0.9981360032766295,0.9544983961532494,0.7474682991993731,0.9605394892159179,0.789175150507476
0.6793587174348698,0.9790249114145749,0.9980850283800595,0.9544616347351399,0.7603758020650823,0.9605160481591672,0.7797735925783108
0.6808617234468938,0.9787446367732661,0.9980334068830273,0.9544166287140926,0.7730755486861715,0.9604795662911071,0.7814926545549783
0.6823647294589178,0.9784645298541791,0.9979811014714959,0.954362822301822,0.7828328310163184,0.9604296815282071,0.7862059272380504
0.6838677354709419,0.9781841191747417,0.997928072915601,0.9542996854668929,0.7920954887642662,0.9603660768004123,0.7941557424142668
0.685370741482966,0.977902937691874,0.9978742800881396,0.9542267109872699,0.8001907391298553,0.9602884681943898,0.7950741725229051
0.68687374749499,0.9776205226508953,0.9978196799733141,0.9541434116390423,0.8066221928672218,0.9601965934538516,0.7996937900984914
0.688376753507014,0.9773364153267438,0.9977642276659849,0.9540493175177187,0.8129035496177685,0.9600902014374946,0.8028489579898739
0.689879759519038,0.977050160671886,0.9977078763616907,0.9539439734872224,0.8183734797612148,0.9599690431409829,0.8041140509070055
0.6913827655310621,0.9767613068835975,0.9976505773376839,0.9538269367506808,0.8228867201247007,0.9598328646560986,0.7998877733876104
0.6928857715430862,0.9764694049017418,0.9975922799252305,0.9536977745360333,0.826846720616596,0.9596814022106278,0.8046369398129457
0.6943887775551102,0.9761740078467438,0.9975329314733921,0.953556061888234,0.8306683218760073,0.9595143793266004,0.8091480574779302
0.6958917835671342,0.9758746704061495,0.9974724773045102,0.9534013795577592,0.833552044629003,0.9593315060762986,0.8128915430527794
0.6973947895791583,0.9755709481770084,0.9974108606615706,0.9532333119714224,0.8367236791417075,0.9591324800289964,0.8195727451443013
0.6988977955911824,0.975262396970243,0.9973480226476288,0.9530514452641581,0.8390486718607113,0.9589169870354447,0.8207953050938498
0.7004008016032064,0.9749485720822265,0.9972839021574272,0.9528553653368663,0.8411833638480306,0.9586846968370392,0.8199564177697345
0.7019038076152304,0.9746290275379504,0.9972184358013368,0.9526446558833999,0.8426337291280724,0.9584352445951723,0.82205354911242
0.7034068136272545,0.9743033153094212,0.9971515578217142,0.9524188963049804,0.8437941617890519,0.958168189839292,0.8180636858498931
0.7049098196392786,0.9739709845122952,0.9970832000017575,0.9521776594319512,0.8447478528850886,0.9578829584466909,0.8183665469159916
0.7064128256513026,0.9736315805832723,0.9970132915669127,0.9519205090663913,0.8456553195901301,0.9575788026855927,0.8769480225886684
0.7079158316633266,0.9732846444404376,0.9969417590788766,0.9516469976031481,0.8462282391003199,0.9572548254812951,0.8230656233283621
0.7094188376753507,0.9729297116285655,0.9968685263222278,0.9513566642815567,0.8468508894780257,0.9569100629060553,0.8331402368459799
0.7109218436873748,0.9725663114513424,0.9967935141837021,0.9510490345912336,0.847210401898787,0.9565435497522147,0.6838580638090817
0.7124248496993988,0.9721939660923199,0.9967166405241391,0.9507236206626251,0.8474428039953473,0.9561543127310643,0.8090262872025572
0.7139278557114228,0.971812189725959,0.9966378200431117,0.9503799215106509,0.8476224691003195,0.9557413226327699,0.8223727734032622
0.7154308617234468,0.97142048761923,0.9965569641362609,0.9500174218846136,0.8476718257933411,0.9553034644758645,0.8091453940106689
0.716933867735471,0.9710183552230424,0.9964739807453356,0.9496355896449229,0.8476411776824072,0.9548395322555868,0.8123861819525676
0.718436873747495,0.9706052772519802,0.9963887742009375,0.9492338728221624,0.8475202267424254,0.9543482115652705,0.8038783249567154
0.719939879759519,0.9701807267510952,0.9963012450579333,0.9488116974053457,0.8472999827957065,0.9538280073679513,0.7995871017414697
0.721442885771543,0.9697441641500754,0.9962112899234601,0.9483684658008759,0.8469870302068989,0.9532770561719549,0.7960598505348265
0.7229458917835672,0.9692950363070331,0.9961188012774609,0.9479035552423943,0.8466025314012326,0.9526927264681782,0.8105883936216215
0.7244488977955912,0.9688327755450147,0.9960236672856402,0.947416315681529,0.8461548337620917,0.9520709652836379,0.8101079334418988
0.7259519038076152,0.9683567986833733,0.9959257716047787,0.9469060671133046,0.8456079311688071,0.9514056259959045,0.8136519127022823
0.7274549098196392,0.9678665060640729,0.995824993180362,0.9463720962880187,0.844936314304168,0.9506884251620268,0.8091164758599462
0.7289579158316634,0.9673612805713522,0.9957212060365033,0.9458136524325776,0.8441131309207208,0.9499102490322454,0.8063668798795536
0.7304609218436874,0.9668404866429334,0.9956142790581747,0.945229941253103,0.8472451042493191,0.9490637756606426,0.8074456068830976
0.7319639278557114,0.9663034692719583,0.9955040757658864,0.9446201163397343,0.8837241619522068,0.9481461327250085,0.8047563814601075
0.7334669338677354,0.965749553001067,0.9953904540832638,0.9439832674902332,0.8586216406541848,0.947159874506358,0.8046822886771459
0.7349699398797596,0.9651780409144921,0.9952732660986273,0.9433184069013386,0.8531040341956018,0.9461117061602482,0.8078096305763639
0.7364729458917836,0.9645882136418459,0.9951523578225951,0.9426244567409747,0.8509077692266002,0.9450100093309173,0.807370503497204
0.7379759519038076,0.9639793283968268,0.99502756894467,0.9419002443154864,0.8471701213354351,0.9438626903872493,0.8079957909467835
0.7394789579158316,0.9633506180798423,0.9948987325921499,0.9411445118164387,0.8423842065552651,0.9426761115941218,0.8051659847357023
0.7409819639278558,0.962701290468789,0.9947656750940683,0.9403559446193571,0.8378653039497912,0.9414549773861264,0.8043418287938016
0.7424849699398798,0.9620305275050952,0.9946282157510627,0.9395332155858309,0.837646316596245,0.9402027004617041,0.8028716425559624
0.7439879759519038,0.9613374846599693,0.994486166609778,0.9386750359653354,0.8353586161654497,0.9389218593274061,0.801023731684236
0.7454909819639278,0.9606212903534147,0.9943393322387895,0.9377802007500096,0.8338473293658678,0.9376145627183086,0.7997340885972422
0.7469939879759518,0.9598810454109548,0.9941875095035051,0.9368476202262167,0.8324743837397405,0.9362826833955112,0.7973654788474982
0.748496993987976,0.9591158225880914,0.9940304873407327,0.9358763383988502,0.8310026351862545,0.9349279878153918,0.7958823480247089
0.75,0.9583246662718234,0.9938680465395272,0.9348655480057381,0.8295506288546213,0.9335522001082502,0.7965093284000223
