,0,1,2,3,4,5,6,7,8,9
0,7.294625577253986e-16,2.030889964861472e-15,1.4524835302823061e-15,3.689265675252193e-15,3.0979448090561354e-15,2.206986863363364e-15,3.945546012975407e-15,3.046618841799836e-15,2.0289895474415122e-15,2.3723693161626087e-15
1,7.251084106580607e-16,2.1347989409387738e-15,1.4901192194433695e-15,3.733020418970913e-15,3.201039197356159e-15,2.140521293759434e-15,3.900522732086432e-15,3.1263369747218173e-15,1.9547843606076136e-15,2.2884384636063952e-15
2,6.7662215307342e-16,1.7488940777224288e-15,1.5751116577441625e-15,3.23624819376252e-15,2.8651100015941523e-15,2.115725432609868e-15,3.716894190330609e-15,2.7888228070660556e-15,1.8987798454337115e-15,2.1489117393358053e-15
3,6.036630235448046e-16,1.7591446340460792e-15,1.4390331748092647e-15,3.1342119532706435e-15,2.6358162660835196e-15,2.037482981122641e-15,3.1626368469994057e-15,2.606143296994272e-15,1.7712943769276814e-15,2.0029770497247785e-15
4,5.199862852085602e-16,1.6142941627365615e-15,1.4453944096577596e-15,2.6797933138922045e-15,2.330903723435311e-15,1.7417849138667003e-15,2.5422055256394482e-15,2.2658147838154172e-15,1.5502300403427557e-15,1.7908542860935213e-15
5,4.0567391573302324e-16,1.1915524062920798e-15,1.2483969553497779e-15,2.0273714841798463e-15,1.9741108524553713e-15,1.5092309121851645e-15,2.1041972893411365e-15,1.782163222645053e-15,1.3966072366375174e-15,1.5046082910358133e-15
6,2.9795494498922913e-16,7.996141930211776e-16,1.0611460427211171e-15,1.4258231646432059e-15,1.5781189681485155e-15,1.3157843912523408e-15,1.2695530762587772e-15,1.4152342238366964e-15,1.159858888814311e-15,1.09618759591527e-15
7,1.4119301622492594e-16,4.099570047938645e-16,9.62558497211281e-16,6.658272940049596e-16,1.0813021631227852e-15,1.0048907886837326e-15,4.617641292081464e-16,9.513063305221904e-16,8.945615461799497e-16,7.693850248390943e-16
8,3.7130673133131644e-18,3.9231095017325196e-17,7.899019549876088e-16,1.2764142314106575e-17,5.467656183722853e-16,7.292073904641793e-16,3.3766502169787073e-16,4.1491135035417683e-16,5.952480815403249e-16,3.930957047298511e-16
9,1.5305154251589188e-16,3.8417458169470545e-16,6.290189785561455e-16,6.957082473001193e-16,4.6064936673903025e-17,3.9255864815331134e-16,1.0955032521434553e-15,8.230446150834828e-17,3.0621736595380803e-16,7.212098448739152e-18
10,2.986801197996285e-16,7.922947865682175e-16,3.732368908098579e-16,1.3355423834653987e-15,4.26201737159306e-16,8.14733021369006e-17,1.883024749652774e-15,6.020454989994408e-16,3.1200303741426025e-18,4.0731718359597584e-16
11,4.2124723793040763e-16,1.032979106167058e-15,1.9106032914433414e-16,2.063866453111981e-15,8.877108534632314e-16,2.677915352832137e-16,2.5364146947589352e-15,1.056122162251131e-15,3.082698248406241e-16,7.536066657251381e-16
12,5.453110901218196e-16,1.507327464624885e-15,2.9992237131963816e-17,2.6427041815087112e-15,1.44582358499666e-15,5.815188677036426e-16,3.0576982627085447e-15,1.4621018036785632e-15,6.004843047921512e-16,1.109987469299869e-15
13,6.419553931615304e-16,1.5926964527476196e-15,2.3453178162002335e-16,3.0674777061546237e-15,1.7017421522428567e-15,9.152015421048417e-16,3.466965188323321e-15,1.943580841414364e-15,8.96157112072369e-16,1.447246268213359e-15
14,8.049303109478398e-16,1.938045227329749e-15,4.507047512097332e-16,3.608111051919095e-15,2.071422839024287e-15,1.1900653166661116e-15,3.746761749229517e-15,2.1672269024369977e-15,1.1291916374649708e-15,1.732451439745351e-15
15,8.13663046678285e-16,2.1518370863076103e-15,7.045058259324484e-16,3.578167169929259e-15,2.2537754114448963e-15,1.4521772800284003e-15,3.887723436977126e-15,2.576163130383463e-15,1.3797559303970344e-15,2.052834721796548e-15
16,9.495280398490124e-16,1.902495714325713e-15,8.337104807292727e-16,3.936783845507626e-15,2.6099585014230216e-15,1.6071981978869626e-15,4.198162916065107e-15,2.695894714005966e-15,1.562711514218057e-15,2.0927384297248655e-15
17,7.952587039730774e-16,2.2840385769676737e-15,1.0552248065745695e-15,4.08213528121668e-15,2.8381240990431e-15,1.9511052595391604e-15,3.8383616451654226e-15,2.8620162381959566e-15,1.679117220565152e-15,2.2106375999049348e-15
18,7.781673623074669e-16,2.0322431273020005e-15,1.270042877478048e-15,3.5505204565104973e-15,2.9310461784692017e-15,2.218729569320781e-15,3.2026824158428444e-15,3.0004850097593813e-15,1.89135305803786e-15,2.377806382492518e-15
19,7.102106622256967e-16,1.799374726811879e-15,1.3593296283157025e-15,3.353515999328453e-15,2.7113677879784746e-15,2.3196218514358804e-15,2.8302793907424037e-15,2.814652043769923e-15,1.9414857873531156e-15,2.1843345827136213e-15
20,6.775642586041741e-16,1.5171742263075164e-15,1.4435076329608252e-15,3.096279712428357e-15,2.720478510693491e-15,2.2938138170195097e-15,2.442141637249485e-15,2.7227129953671196e-15,2.023185619430228e-15,2.0931382212324443e-15
21,5.119656689953161e-16,1.6105309514373763e-15,1.576687640108005e-15,2.3574923316333116e-15,2.7211239958626695e-15,2.3620324615253535e-15,1.7843674069247282e-15,2.5346112620568875e-15,1.948246266813571e-15,1.979555230006569e-15
22,4.150858346422809e-16,1.102524062754676e-15,1.6779882074950193e-15,1.78238226779728e-15,2.4329375484548464e-15,2.251042726458056e-15,9.5910273455043e-16,2.2074144935526024e-15,1.930181177974564e-15,1.865041460246311e-15
23,2.2518345095998353e-16,6.808905337605669e-16,1.8017280032436294e-15,1.0687229444451231e-15,2.1731494436052402e-15,2.3535055886671133e-15,1.863260098902014e-16,1.9606580444343873e-15,1.852127490528641e-15,1.5208123754184674e-15
24,7.051737782637573e-17,3.3900560266212064e-16,1.682523921339174e-15,2.981047659073979e-16,1.6960145154948803e-15,2.1701318485039806e-15,5.968654959632917e-16,1.5392609637922371e-15,1.666986347379123e-15,1.2001407228326763e-15
25,9.166388672103947e-17,8.171912372359868e-17,1.6093141486075772e-15,3.8160642594741806e-16,1.306363314750864e-15,2.0508050807433318e-15,1.3271050447988624e-15,1.0339460865757156e-15,1.5123689486344338e-15,8.901322438685503e-16
26,2.4823771310362964e-16,5.247716753389246e-16,1.8095254858404213e-15,1.1341961814985427e-15,8.307328797892978e-16,1.7875314830633814e-15,2.0066385856477105e-15,5.386009727005192e-16,1.284091107694844e-15,5.409031969567022e-16
27,4.0196002643995985e-16,9.561374792033677e-16,1.694661814530867e-15,1.7493533756823675e-15,3.7263764325526096e-16,1.4570721736145512e-15,2.723321348072009e-15,7.674332846485292e-19,9.761267008272194e-16,1.6354921370581823e-16
28,5.329807760425102e-16,1.4355821601401738e-15,1.522555514296192e-15,2.5184225262319565e-15,1.135690415766401e-16,1.1532916967994615e-15,3.1336758536530346e-15,5.341276200265972e-16,7.344786817864603e-16,2.1226517026106053e-16
29,6.410738506441378e-16,1.7550910974680177e-15,1.4748492766229766e-15,2.779806981635856e-15,5.58986965950109e-16,8.724096809610723e-16,3.3646328314647967e-15,1.08624661260206e-15,4.466543041928215e-16,5.783549886111639e-16
30,7.427486018831241e-16,1.838722139088412e-15,1.2553341678519614e-15,3.4341331323532493e-15,1.0249633415399083e-15,4.493240709310456e-16,3.742968407570504e-15,1.5770962516495123e-15,1.392883414569351e-16,9.521142486434943e-16
31,8.283933122650594e-16,2.425466228602468e-15,1.0651900879992234e-15,3.474203537474954e-15,1.4104123023385406e-15,8.388307400187346e-17,3.801055205687227e-15,2.0224446385103684e-15,1.6498741804761286e-16,1.3044463393991292e-15
32,8.475494744674452e-16,2.1755159153180342e-15,8.622176560472744e-16,3.622833731939538e-15,1.788360751341375e-15,2.956964374145971e-16,3.7047546790418425e-15,2.4299532394122956e-15,4.802119211696473e-16,1.571406363616206e-15
33,8.778871128852251e-16,2.3879628923240435e-15,6.793293010404678e-16,3.7136266357932456e-15,2.1058268190747718e-15,6.687115384936121e-16,3.3288416834787054e-15,2.573639053248811e-15,7.648585339904653e-16,1.85441848845706e-15
34,8.476354192736458e-16,2.2352405756747237e-15,4.3645535758692477e-16,3.2715788462752714e-15,2.4465534241350957e-15,1.0369404736561423e-15,3.111742586148506e-15,2.820866260695562e-15,1.0257890931293282e-15,2.0248879209373127e-15
35,7.965274775508393e-16,2.3355739396026337e-15,2.4310328735802786e-16,3.248660187597529e-15,2.5473058964081285e-15,1.2924861843957386e-15,2.6181188289115627e-15,2.9282480063214585e-15,1.3179052342864104e-15,2.2480273775461385e-15
36,7.208799698348772e-16,2.395642591591751e-15,1.8006286697866398e-17,2.9295216403027254e-15,2.737343104790493e-15,1.538400661220807e-15,2.147598341608337e-15,2.813478441047705e-15,1.5018944880753916e-15,2.3151770669025866e-15
37,5.979801161462906e-16,1.845881794534087e-15,2.0539433677343907e-16,2.4080624813255236e-15,2.7023106640102405e-15,1.7297151876141812e-15,1.3890101552266972e-15,2.8325345088515407e-15,1.6834661778523447e-15,2.3096068582587775e-15
38,4.729190393862195e-16,1.5498781400267875e-15,4.01581186122975e-16,1.8390704956801843e-15,2.817038068739826e-15,1.9040556061311867e-15,6.610804194392457e-16,2.8662656413234194e-15,1.890429425092905e-15,2.3985594496263365e-15
39,3.2079990492719714e-16,1.1928386751233304e-15,6.079956752576579e-16,1.3313360758356182e-15,2.499228852491965e-15,2.078530367850548e-15,7.413629455600751e-17,2.609349900017284e-15,1.9590241836557002e-15,2.0394459549612338e-15
40,1.48970700845228e-16,7.276591995416949e-16,7.961164098650588e-16,6.316318981105145e-16,2.3562651597683956e-15,2.2380140601102357e-15,8.356744958586112e-16,2.213074418472828e-15,2.0592757965544817e-15,1.881329808865961e-15
41,2.092359619631091e-17,2.624596995450541e-16,1.003752614702188e-15,6.902378276971265e-17,2.188804273231754e-15,2.203623352250422e-15,1.5031958599514152e-15,1.8183073449138767e-15,2.002094065291483e-15,1.7264898066481275e-15
42,1.963322525723383e-16,2.6061113313522393e-16,1.1505067967198164e-15,7.479506182167796e-16,1.7207274369859857e-15,2.240436223655604e-15,2.1367050702224537e-15,1.407503635637325e-15,2.0682649289621818e-15,1.4197400406657521e-15
43,3.5624941173793194e-16,7.910970057087944e-16,1.3252426526669051e-15,1.3973134296069437e-15,1.4781247830333088e-15,2.2386265601896643e-15,2.8466269503231175e-15,9.904291183536962e-16,1.9657478115523864e-15,1.1157669271280363e-15
44,5.055638656065095e-16,1.3904944216299732e-15,1.4876487854352663e-15,2.115867235947419e-15,9.130297870560737e-16,2.080741129784917e-15,3.3246484122773397e-15,5.474917981217236e-16,1.814410827697466e-15,7.709570163740858e-16
45,6.456670711885181e-16,1.7309373624703311e-15,1.5601645676482286e-15,2.7704739697221323e-15,6.08745402095398e-16,1.987980943320067e-15,3.5597775141259525e-15,8.094254409254541e-17,1.680073160334904e-15,3.453841237270288e-16
46,7.975182410737062e-16,2.0207434540360293e-15,1.4841461904398621e-15,2.891843296237128e-15,1.9622951789821035e-16,1.8928070005526904e-15,3.8995927269500415e-15,4.010791262061242e-16,1.5150319599113257e-15,3.931494008945595e-17
47,8.297820779634102e-16,2.2647087875352545e-15,1.6332572141529152e-15,3.6250860216925064e-15,2.304320720389195e-16,1.5644743740937735e-15,3.893885474916598e-15,8.708999252852937e-16,1.2165474693691527e-15,4.4022318323989064e-16
48,8.819362915063224e-16,2.6438987926145427e-15,1.4744810188268621e-15,3.697948206113301e-15,6.740206803389327e-16,1.3393157909784818e-15,3.753150076833169e-15,1.3788214797309885e-15,9.243686695816942e-16,8.051100955304651e-16
49,9.218246223416472e-16,2.8249288931922327e-15,1.591435264637272e-15,4.02560485437015e-15,1.1219089823924723e-15,1.0492510912236255e-15,3.3645339336289944e-15,1.6817840463948883e-15,6.227884564632385e-16,1.2362252500320142e-15
50,9.675252525597207e-16,3.046207016952263e-15,1.6404758887794422e-15,3.90482144186409e-15,1.3789596140852439e-15,7.007048605018885e-16,3.0221787992654048e-15,1.9208805555355242e-15,3.2512172485709497e-16,1.5431465072997606e-15
51,8.861771565461753e-16,2.927731225919283e-15,1.5298169116079557e-15,3.725754525191173e-15,1.802569941696332e-15,3.8192754611144435e-16,2.410268729808312e-15,2.229295711260237e-15,1.8886183083102122e-17,1.8535782103946264e-15
52,8.189950494681044e-16,2.5273791814527558e-15,1.5865443664658844e-15,3.3935728303118986e-15,1.9518765287165623e-15,6.574950285176564e-17,1.7445462663052798e-15,2.4833324310236145e-15,3.6276092402283473e-16,2.0021467450002877e-15
53,6.956257107177123e-16,2.3498798949241915e-15,1.2888718583078486e-15,2.9613567935785183e-15,2.083542502735884e-15,2.741200730334633e-16,1.149046856627628e-15,2.5429449083487715e-15,6.975160735133225e-16,2.3692752631253113e-15
54,5.44212364236719e-16,1.9060533467562277e-15,1.2839979558622103e-15,2.390723705144043e-15,2.497358804242446e-15,5.789223214499987e-16,3.9848345553404235e-16,2.7066523951210257e-15,1.0979345378110623e-15,2.309604192542286e-15
55,4.396921156432396e-16,1.6072603931355556e-15,1.1606372965516097e-15,1.6787314708345982e-15,2.5450530580721743e-15,8.802987004399853e-16,3.403114386711312e-16,2.6264471471420256e-15,1.2869774588842394e-15,2.3317442778064996e-15
56,3.012511231972765e-16,1.1506435153260116e-15,9.807452335016673e-16,1.0026986338513836e-15,2.552241063551768e-15,1.163398163141384e-15,1.1373728082954781e-15,2.6721454310063245e-15,1.5479089754315108e-15,2.35679083204875e-15
57,7.485435544944756e-17,5.909490765535169e-16,7.129221055931165e-16,2.7173132362016625e-16,2.5453296238767563e-15,1.5228664008373773e-15,1.805257660741108e-15,2.4534640842939382e-15,1.8310275196047106e-15,2.1785682940795012e-15
58,1.375271846517053e-16,9.357846105711641e-17,5.003314276842835e-16,4.60852168457317e-16,2.4475846876287273e-15,1.653519906919784e-15,2.2686044710965614e-15,2.192904788551008e-15,1.94983550571708e-15,2.014776955562216e-15
59,3.3444823698415194e-16,4.36902117890196e-16,2.8451024400606644e-16,1.2072561173525206e-15,2.1897787058493236e-15,1.9614772517029868e-15,3.00126336997497e-15,1.9176144298679e-15,2.0677713486777404e-15,1.8697013270494016e-15
60,5.681050859106443e-16,9.750119249725767e-16,6.965793846611599e-17,1.898965874197396e-15,2.0274575245685397e-15,2.102327386185553e-15,3.5390161363079542e-15,1.4855284720311902e-15,2.1351967253828285e-15,1.6209230826411534e-15
61,7.751044680992874e-16,1.3603699166291775e-15,1.6435982481017714e-16,2.4061200551998245e-15,1.6970598320314843e-15,2.2389333733759567e-15,3.583875862616682e-15,1.0477818836555583e-15,2.232296381403829e-15,1.2693044062940345e-15
62,8.642418172009619e-16,1.860487532674349e-15,3.8563202293376877e-16,2.948084188687543e-15,1.2515510917561568e-15,2.3025843489905653e-15,3.700835906631635e-15,6.351168980878944e-16,2.1436886531226366e-15,9.279154537916267e-16
63,9.698807588353569e-16,2.1667646963169694e-15,6.857704016798476e-16,3.533312945676603e-15,8.757677240557979e-16,2.3186570485682867e-15,3.652238250480012e-15,1.5507744704471126e-16,2.0985622384614494e-15,5.322153406964955e-16
64,1.170165691158147e-15,2.3354513402000104e-15,7.718266061323349e-16,3.835224135892017e-15,4.925174681451251e-16,2.1603429001830317e-15,3.500074290444949e-15,3.26222718383561e-16,1.9666959897400776e-15,1.4635598656865766e-16
65,1.1665397521970157e-15,2.7487492627989373e-15,9.727406609506288e-16,3.997035614295571e-15,5.754071848965916e-17,2.0651743993068326e-15,3.1461988236051665e-15,7.710138770099356e-16,1.8308995330646113e-15,2.6121243131059844e-16
66,1.1157650551652964e-15,2.6475704246229948e-15,1.2817143358124803e-15,3.859777524635161e-15,3.721356986574389e-16,2.1149953255167862e-15,2.913471164655903e-15,1.2440854045376456e-15,1.614927927940616e-15,6.41108923580736e-16
67,1.263133158950806e-15,2.853268966232398e-15,1.3396556332902706e-15,3.8283363380967075e-15,7.858976765912503e-16,1.9035977280661406e-15,2.2663751343406673e-15,1.6487510885776024e-15,1.344498842035673e-15,1.0453545473527418e-15
68,9.851179556383968e-16,2.705978887055667e-15,1.416808043296462e-15,3.802899076136875e-15,1.2125979868684283e-15,1.6579452439121684e-15,1.6388816090381796e-15,2.092675624612841e-15,1.1146011994332208e-15,1.3753717649032026e-15
69,8.165272116316022e-16,2.4480428065102617e-15,1.717588730584169e-15,3.3775282467863308e-15,1.5358595141625068e-15,1.3326870796975853e-15,9.161849988419156e-16,2.3657523147226537e-15,7.508924995464278e-16,1.6789745960745714e-15
70,8.133736462104272e-16,2.2693108908063547e-15,1.7102062976630302e-15,2.903539251930006e-15,1.9310311284145315e-15,1.0740031885052286e-15,1.6077558427225117e-16,2.483404321985301e-15,4.591454996408541e-16,1.922792866816081e-15
71,6.886180532773378e-16,1.7512020319956887e-15,1.7844686215352644e-15,1.973053087435877e-15,2.2443031045503178e-15,7.184149710141176e-16,6.212709416318079e-16,2.63055857093406e-15,1.3932329039248735e-16,2.0634858846727922e-15
72,4.649406381596549e-16,1.55344276752677e-15,1.7661055616751866e-15,1.3918350477775071e-15,2.4827668008143866e-15,4.042766790238479e-16,1.3762954847655507e-15,2.7127583402163264e-15,1.934227335955644e-16,2.2628158763649474e-15
73,1.6391412049484232e-16,9.463276625572391e-16,1.8084414566223492e-15,6.43101703576822e-16,2.6154408054634278e-15,5.699764885458031e-17,2.1590680062674022e-15,2.8626716672233793e-15,5.024977705094442e-16,2.33025988611424e-15
74,5.615654700990017e-17,4.4376000268443266e-16,1.7606062437848469e-15,1.4307885058337626e-16,2.63216902182222e-15,2.9088254067403657e-16,2.8223844425885945e-15,2.5694222749299786e-15,7.95467976528725e-16,2.285254746713552e-15
75,2.8520469308354573e-16,7.476836925561192e-17,1.540584909747459e-15,9.695843646407313e-16,2.6407642376991262e-15,6.419413746488313e-16,3.2950890443152067e-15,2.4164213281066057e-15,1.07774774961561e-15,2.4212371403474167e-15
76,6.007163688763622e-16,6.020744886288181e-16,1.597126890858378e-15,1.68325402538949e-15,2.6460040993252566e-15,1.0101666511326755e-15,3.5139505809457465e-15,2.247971657096598e-15,1.3917735818764586e-15,2.120583945826793e-15
77,7.130086359446753e-16,1.0554941226897879e-15,1.5619160490117141e-15,2.3482243046831577e-15,2.4707942137465695e-15,1.3176879344180838e-15,3.779271062023459e-15,1.8701980202976962e-15,1.6502023948616766e-15,2.0820120549036234e-15
78,1.001423226596189e-15,1.460673583693938e-15,1.313873720488777e-15,2.8992007279783524e-15,2.146738043615247e-15,1.6814644615993227e-15,3.865715185188122e-15,1.5286525581350108e-15,1.8994951072900706e-15,1.831348476248646e-15
79,1.2831839892319423e-15,1.784883007172835e-15,1.2480401882013315e-15,3.343705210258414e-15,1.8670982055222344e-15,1.8306429750164627e-15,3.797693603516314e-15,1.1173423953722497e-15,1.8934784014252678e-15,1.5426325809816117e-15
80,1.1791887405214678e-15,2.2249830060937375e-15,1.0096479166746893e-15,3.784087268329559e-15,1.6048317964422542e-15,2.1358155957291572e-15,3.823385620533347e-15,7.047829195817896e-16,2.053792207188812e-15,1.1784724805092832e-15
81,1.6216108035839428e-15,2.5257859578735342e-15,8.270493320766339e-16,3.970228890431155e-15,1.1881880604573291e-15,2.2070899666101205e-15,3.312222324524756e-15,2.3095068705913923e-16,2.1434264900864517e-15,7.726198512848389e-16
82,1.5366879751342043e-15,2.7082084754821224e-15,5.909543331163698e-16,3.965183324901068e-15,8.222173999093473e-16,2.2767712921458715e-15,2.963860924389988e-15,2.297244277676442e-16,2.201300640653141e-15,3.471629758985566e-16
83,1.4461041938393488e-15,2.822654746066341e-15,3.419284176987878e-16,4.139414915200627e-15,3.461604722533653e-16,2.4602192311569333e-15,2.1660183580167756e-15,7.09907894421199e-16,2.1304230318555948e-15,8.043700246962572e-17
84,1.3168288831481139e-15,2.6469960339987242e-15,1.3022626358677394e-16,3.716144776386942e-15,7.992553438854245e-17,2.4103739106876444e-15,1.4673086097669098e-15,1.087275509060942e-15,2.071343750371965e-15,5.447099597424274e-16
85,1.1128444281879995e-15,2.8390255382542874e-15,1.0637834106804254e-16,3.67070414617593e-15,5.246661600844947e-16,2.4916742650202427e-15,7.060489794375073e-16,1.5465852214932398e-15,1.9429835410170165e-15,9.031622797596854e-16
86,1.0288941964253962e-15,2.6104402414949536e-15,3.5696776905637856e-16,3.0221909085508607e-15,9.382475207136253e-16,2.2839705362231263e-15,1.0266825021970477e-16,1.870402635949805e-15,1.7816778603296565e-15,1.308561978049918e-15
87,8.886914888094698e-16,2.112234661201017e-15,5.816327879270503e-16,2.532395028688007e-15,1.3489669050035237e-15,2.1297640505468685e-15,9.128384507505192e-16,2.20930197940216e-15,1.5093158770903581e-15,1.6499449548268463e-15
88,5.944206581421192e-16,1.910903743827679e-15,8.124333047088713e-16,1.7891051527040993e-15,1.5978901594736087e-15,1.8762068191915607e-15,1.6198595509719862e-15,2.3872450321768893e-15,1.2083612461508336e-15,2.0523487157173705e-15
89,3.3853842874152597e-16,1.3556906513622687e-15,1.047455560863722e-15,1.0359114795509459e-15,1.9848471943678866e-15,1.6827564141585306e-15,2.2486822287584707e-15,2.4298966226287588e-15,9.406806888708391e-16,2.2142670306126007e-15
90,6.940922952813413e-17,7.25442264053885e-16,1.2404132218668989e-15,2.3822464723790265e-16,1.9969708173308797e-15,1.448440353668705e-15,2.9914667268750568e-15,2.5812083659626003e-15,6.558878110531396e-16,2.4148488973366297e-15
91,2.2420453002984394e-16,2.9895389274370245e-16,1.4044084444025857e-15,5.988847025964141e-16,2.311338955523129e-15,1.0452088223302447e-15,3.370493124601547e-15,2.5846015517720774e-15,3.064689503861898e-16,2.5224327058347093e-15
92,5.398074245932197e-16,2.6159323758530903e-16,1.5769237732833997e-15,1.4392489464180959e-15,2.5311340958072325e-15,7.345138219310375e-16,3.7456373141493424e-15,2.4731037148572245e-15,3.542826010237208e-17,2.753216153280553e-15
93,7.532479631507263e-16,8.286759568197568e-16,1.8338936811783606e-15,2.149990592267559e-15,2.4517717448130318e-15,4.1403906243684753e-16,3.86775178638512e-15,2.325997119708009e-15,3.7337595867702835e-16,2.683567069261097e-15
94,1.0581564000658536e-15,1.2923381290176027e-15,1.912356079203888e-15,2.854853786321594e-15,2.3564707567488313e-15,4.8344377815693944e-17,4.081955583546044e-15,2.169596551910605e-15,7.076334903234152e-16,2.59019864223164e-15
95,1.1440125388151585e-15,1.821105032011098e-15,1.9926935776080556e-15,3.3947607113254072e-15,2.5026453795317142e-15,3.095498783588396e-16,3.925395731400458e-15,1.8795860961748235e-15,1.0859962746544006e-15,2.4104752712645308e-15
96,1.2904905573242517e-15,2.1643326369136307e-15,2.029927800727554e-15,3.780408594365481e-15,2.208662779655093e-15,6.848146785435806e-16,3.506484952058391e-15,1.5477969737372163e-15,1.363675144273639e-15,2.1789274738710203e-15
97,1.4635696165544482e-15,2.5139850839929194e-15,2.084358592705399e-15,4.008254242498688e-15,2.023892043983251e-15,1.0158823458890421e-15,3.235207695370198e-15,1.1414448984524048e-15,1.6562608228780837e-15,1.808200386850603e-15
98,1.6000200028763757e-15,2.5298032391883915e-15,1.996822206298041e-15,4.074581397049308e-15,1.7018836325396788e-15,1.3669804960604688e-15,2.63196362515198e-15,7.324468585801645e-16,1.833983093503999e-15,1.454900656386696e-15
99,1.400759515556611e-15,2.595102283626976e-15,2.0062597416995803e-15,3.986330192341708e-15,1.3501336271855224e-15,1.5394155771545816e-15,1.9036021323922353e-15,2.9398916826822743e-16,2.020346860091613e-15,1.0729751357605073e-15
100,1.5012272296679014e-15,2.8862500193335588e-15,1.7556439402312196e-15,4.047371875649765e-15,9.511242179461845e-16,2.0145935337972877e-15,1.2455018017910824e-15,1.5357459945592121e-16,2.1782401354970913e-15,5.918050797907717e-16
101,1.2753335639493216e-15,2.696471898102014e-15,1.7403268440442293e-15,3.563330163794225e-15,6.141797290378055e-16,2.2230168389197833e-15,4.336381509629521e-16,5.930249288570003e-16,2.295321111063735e-15,1.2541888198569543e-16
102,1.204564008634602e-15,2.7341673712334764e-15,1.6040877385204034e-15,3.2046744365433674e-15,2.011912869917852e-16,2.3776373573843453e-15,3.771680068132953e-16,1.0274764843874613e-15,2.2432166353366133e-15,3.307421243631281e-16
103,9.157467333423115e-16,2.4359179004865287e-15,1.4754226084700756e-15,2.60289174126122e-15,2.0027729152890642e-16,2.466478709508236e-15,1.1769695686621658e-15,1.4228308863059738e-15,2.2664616741960887e-15,7.888695115848206e-16
104,6.67857890374621e-16,2.0940288685237853e-15,1.1864480762246574e-15,1.928692466151722e-15,6.028879781601703e-16,2.7534133582701394e-15,1.860118674768861e-15,1.7679655214701522e-15,2.1492354164019705e-15,1.1921533079890238e-15
105,4.4270808553319996e-16,1.722051616370462e-15,9.826084219277807e-16,1.2761755894189487e-15,9.74597050888278e-16,2.6269326671480392e-15,2.5514812412810048e-15,2.0784391918930426e-15,2.1191114517128402e-15,1.523855655359191e-15
106,2.0571902447716283e-16,1.167485269054398e-15,8.025619234080432e-16,5.262769798955004e-16,1.407085593970285e-15,2.574659949587854e-15,3.1305417808788954e-15,2.3168594623291714e-15,1.8363666076757315e-15,1.793153005455821e-15
107,9.416858450953103e-17,6.453156954024644e-16,4.737879852313712e-16,1.9574798663544404e-16,1.6774246106858924e-15,2.5128898531835923e-15,3.3956395511424352e-15,2.5404385502612776e-15,1.6650511665989908e-15,2.1434446784330536e-15
108,3.7933328352749847e-16,1.38780265581049e-16,2.0302081057169277e-16,9.57567997971374e-16,1.870354427569646e-15,2.3542442734722685e-15,3.4851386649049146e-15,2.6306938389249935e-15,1.3882552873387289e-15,2.404251656446384e-15
109,6.349558159001307e-16,3.968926377423965e-16,7.144823933020864e-17,1.656319512087331e-15,2.3064108815700215e-15,2.1864049238353657e-15,3.567239404186774e-15,2.6103018742653168e-15,1.1306106473549586e-15,2.500111052708907e-15
110,9.35238866054105e-16,8.991048437944538e-16,3.4779784122386094e-16,2.1882027579822005e-15,2.3730476189603068e-15,1.893054823389305e-15,3.588136195329468e-15,2.5470989841797157e-15,7.661719116556271e-16,2.5948457445411144e-15
111,1.0871682063113692e-15,1.5003458880976333e-15,5.959814375791505e-16,2.802987810651836e-15,2.4084657799677843e-15,1.6198322138350196e-15,3.438148747175999e-15,2.3837161720595698e-15,4.711028077324574e-16,2.4708102311898704e-15
112,1.388253885800083e-15,1.8908687240227103e-15,8.575518582325174e-16,3.22878924696065e-15,2.49342541243477e-15,1.2475555874936237e-15,3.202024535014532e-15,2.1998930290867363e-15,1.2637991799654784e-16,2.3810716972954665e-15
113,1.4036387165361024e-15,2.2256225119546585e-15,1.129080083926924e-15,3.873961882563306e-15,2.4406117110158936e-15,8.524660970158016e-16,2.7622310026294423e-15,1.9216800249662507e-15,2.1386682865160867e-16,2.267345936271189e-15
114,1.4340420485227759e-15,2.5030885088369556e-15,1.3418209481951454e-15,3.794432053854643e-15,2.4203742792469833e-15,4.627298135309695e-16,2.1593359318242235e-15,1.6420144048862721e-15,5.415122675216787e-16,2.0392754727903524e-15
115,1.5333703494690765e-15,2.8102133408252346e-15,1.6141831260977575e-15,3.774561981387925e-15,2.0913233772663453e-15,5.052464048798689e-17,1.4970759145171306e-15,1.2109480056795767e-15,8.619520990861653e-16,1.7346442197277708e-15
116,1.534870681656278e-15,2.667462847443002e-15,1.6437854201292263e-15,3.880256780689435e-15,1.9586879203155734e-15,3.6650821800364557e-16,8.556540122999463e-16,8.260808209446512e-16,1.2632659214779333e-15,1.4965308919275494e-15
117,1.4660267174819072e-15,2.9109559282262902e-15,1.918358006560944e-15,3.6210159488536334e-15,1.5218020991775534e-15,8.21315393467585e-16,1.4540801280018575e-16,3.6418928889418473e-16,1.4627540889622858e-15,1.0752793644834658e-15
118,1.2020057054588273e-15,2.7770054366993458e-15,1.996919339052695e-15,3.229575802484144e-15,1.2320704816953098e-15,1.1743863903718655e-15,5.376406591700673e-16,8.178609175527549e-17,1.7329252048523448e-15,6.955822260766066e-16
119,1.1016567983369327e-15,2.6155807291439736e-15,1.898762115226317e-15,2.7224188842188884e-15,8.257665223429682e-16,1.5864036275842853e-15,1.2819116753163151e-15,5.319520499591515e-16,1.923939805834273e-15,3.0897854022413896e-16
120,1.023507530519081e-15,2.0739335947526356e-15,2.095931010410033e-15,2.2203676758159396e-15,4.597738223457488e-16,1.8207811320436544e-15,1.9280523332935836e-15,9.956381348386908e-16,2.0454906395343436e-15,1.0884353781858651e-16
121,6.719079272322614e-16,1.8957333095377314e-15,2.0550834979351598e-15,1.4917083386070377e-15,6.918232712781636e-17,2.119024555881945e-15,2.5139443475629834e-15,1.3777509002680427e-15,2.2137382575656887e-15,5.250174516804064e-16
122,3.9075815391867493e-16,1.5561329581735334e-15,2.052056755665466e-15,8.344244435412677e-16,3.288124375129626e-16,2.39107357863625e-15,2.9714306935446957e-15,1.683017036447351e-15,2.228345729005597e-15,9.19837526378875e-16
123,3.9134484943580564e-17,1.0207969266369009e-15,1.8903838503299062e-15,1.4256499171285648e-16,7.078641429775573e-16,2.590582178956036e-15,3.1392152058273485e-15,2.0209102115680223e-15,2.3531882996559314e-15,1.2469209958318854e-15
124,2.5473350736388014e-16,4.914404712173806e-16,1.8626148271664468e-15,5.372163622560502e-16,1.1036475964569564e-15,2.761163095361446e-15,3.399949250924141e-15,2.3134517952358385e-15,2.167761987021014e-15,1.625574794543247e-15
