,which,timesteps,mass,mass_change,outflow
0,fom,0.002,1.0002424242937802,0.05520043644034445,-3.2350019603034464e-06
1,fom,0.004,1.0003252846906252,0.0276599604046579,-6.332647317879385e-06
2,fom,0.006,1.0003530641353988,0.008849932527088544,-6.204927598175595e-06
3,fom,0.008,1.0003606844207336,0.0017176368791171903,1.435131811943896e-06
4,fom,0.01,1.0003599346829153,-0.0014495795999103223,2.1292783018344403e-05
5,fom,0.012,1.000354886102334,-0.003226118283017332,5.814638846422514e-05
6,fom,0.014,1.0003470302097832,-0.004472434310953677,0.00011668450468897886
7,fom,0.016,1.00033699636509,-0.005475789420228416,0.00020141504851793423
8,fom,0.018000000000000002,1.0003251270521023,-0.006331280005933415,0.00031659831184554463
9,fom,0.020000000000000004,1.0003116712450664,-0.007069294369554946,0.0004661743533725628
10,fom,0.022000000000000006,1.000296849874624,-0.007698287238788737,0.0006536411955670296
11,fom,0.024000000000000007,1.0002808780961112,-0.008219462169778424,0.000881773911470828
12,fom,0.02600000000000001,1.000263972025945,-0.008632642534311952,0.0011518905030786098
13,fom,0.02800000000000001,1.000246347525974,-0.008940623451969554,0.001461918878218351
14,fom,0.030000000000000013,1.000228209532137,-0.009156318570402444,0.0018015093996017085
15,fom,0.032000000000000015,1.0002097222516924,-0.009317976533307348,0.002140385347013904
16,fom,0.034000000000000016,1.0001909376260039,-0.009521364359332818,0.002402377296581486
17,fom,0.03600000000000002,1.000171636794255,-0.00998384339684355,0.0024115615895013427
18,fom,0.03800000000000002,1.0001510022524165,-0.011163005350145472,0.0017886894123972097
19,fom,0.04000000000000002,1.0001269847728544,-0.013959686866515941,-0.00023266029396847542
20,fom,0.04200000000000002,1.0000951635049504,-0.020036948838786373,-0.005105748795728093
21,fom,0.044000000000000025,1.0000468369774993,-0.03227559760896059,-0.015415727043665216
22,fom,0.04600000000000003,0.9999660611145146,-0.05535388865682278,-0.03547360861673371
23,fom,0.04800000000000003,0.999825421422872,-0.09637422877201152,-0.07200717607206966
24,fom,0.05000000000000003,0.9995805641994265,-0.16535212920354425,-0.13480103402062013
25,fom,0.05200000000000003,0.9991640129060578,-0.2752230423817281,-0.23698547698158742
26,fom,0.054000000000000034,0.9984796720298996,-0.44082560520006253,-0.39444642069470515
27,fom,0.056000000000000036,0.9974007104852576,-0.6761978051306183,-0.6235620813236654
28,fom,0.05800000000000004,0.9957748808093771,-0.9898071436129641,-0.9364271246689292
29,fom,0.06000000000000004,0.9934414819108057,-1.3785476972460742,-1.3336124236741183
30,fom,0.06200000000000004,0.9902606900203929,-1.8235305111561073,-1.7971747403816205
31,fom,0.06400000000000004,0.9861473598661813,-2.2921677124708992,-2.2901194333638877
32,fom,0.06600000000000004,0.9810920191705093,-2.7485614733007147,-2.7678294037463087
33,fom,0.06800000000000005,0.9751531139729784,-3.1673586812072663,-3.197557446678648
34,fom,0.07000000000000005,0.9684225844456802,-3.541448836074934,-3.5714586285521452
35,fom,0.07200000000000005,0.9609873186286787,-3.87810807478145,-3.9022891709428484
36,fom,0.07400000000000005,0.9529101521465544,-4.187990140677028,-4.207178274679553
37,fom,0.07600000000000005,0.9442353580659706,-4.476191212554187,-4.494145594711787
38,fom,0.07800000000000006,0.9350053872963376,-4.740615739811077,-4.759930917678407
39,fom,0.08000000000000006,0.9252728951067263,-4.975889557239044,-4.99644526107305
40,fom,0.08200000000000006,0.9151018290673815,-5.177810608786914,-5.197840762172204
41,fom,0.08400000000000006,0.9045616526715786,-5.345043886522988,-5.3629012956397135
42,fom,0.08600000000000006,0.8937216535212895,-5.478236649678197,-5.493225719053271
43,fom,0.08800000000000006,0.8826487060728658,-5.578518143356581,-5.590651949343551
44,fom,0.09000000000000007,0.8714075809478632,-5.6467782666582425,-5.65622054124564
45,fom,0.09200000000000007,0.8600615930062329,-5.683773342759407,-5.690560257199634
46,fom,0.09400000000000007,0.8486724875768256,-5.69045730651102,-5.694539941006689
47,fom,0.09600000000000007,0.8372997637801888,-5.6681238454439065,-5.669496830624078
48,fom,0.09800000000000007,0.8259999921950499,-5.618344479884962,-5.617100378239248
49,fom,0.10000000000000007,0.8148263858606489,-5.542854879421383,-5.539162664204193
50,fom,0.10200000000000008,0.8038285726773644,-5.443484345021066,-5.437551776142423
51,fom,0.10400000000000008,0.7930524484805647,-5.322128298326484,-5.314181918725111
52,fom,0.10600000000000008,0.7825400594840585,-5.1807316008878335,-5.171011842155499
53,fom,0.10800000000000008,0.7723295220770133,-5.021265886765574,-5.010024860554723
54,fom,0.11000000000000008,0.7624549959369962,-4.845702578857858,-4.833199122881936
55,fom,0.11200000000000009,0.7529467117615819,-4.655987707958442,-4.642480886508695
56,fom,0.11400000000000009,0.7438310451051624,-4.454021122399065,-4.439764421081276
57,fom,0.11600000000000009,0.7351306272719856,-4.241639578150852,-4.226876520143864
58,fom,0.11800000000000009,0.726864486792559,-4.020602696516106,-4.0055635740141735
59,fom,0.12000000000000009,0.7190482164859212,-3.7925813829821076,-3.777480728219862
60,fom,0.1220000000000001,0.7116941612606306,-3.5591487008551357,-3.544183362255162
61,fom,0.1240000000000001,0.7048116216825007,-3.3217731954846283,-3.3071210078489877
62,fom,0.12600000000000008,0.698407068478692,-3.081814536571997,-3.067633566218533
63,fom,0.12800000000000009,0.6924843635362127,-2.8405212589588666,-2.826949569247002
64,fom,0.1300000000000001,0.6870449834428566,-2.599030350227155,-2.5861862165653604
65,fom,0.1320000000000001,0.6820882421353041,-2.3583684265248426,-2.3463509272855387
66,fom,0.1340000000000001,0.6776115097367572,-2.1194542430415795,-2.108344152592472
67,fom,0.1360000000000001,0.6736104251631377,-1.883102301426215,-1.8729632124825826
68,fom,0.1380000000000001,0.6700791005310524,-1.6500273395675669,-1.6409069469540447
69,fom,0.1400000000000001,0.6670103158048675,-1.4208495125178355,-1.4127809992613387
70,fom,0.1420000000000001,0.664395702480981,-1.1961000919572529,-1.1891035688037304
71,fom,0.1440000000000001,0.6622259154370385,-0.9762275254937836,-0.9703114838539703
72,fom,0.1460000000000001,0.6604907923790059,-0.7616037096942196,-0.7567664546662592
73,fom,0.1480000000000001,0.6591795005982616,-0.5525303452791896,-0.5487613803934487
74,fom,0.1500000000000001,0.6582806709978891,-0.3492452605484697,-0.34652660038589406
75,fom,0.1520000000000001,0.6577825195560677,-0.151928608831009,-0.15023600041230134
76,fom,0.1540000000000001,0.6576729565625651,0.039291134577124076,0.03998709562625655
77,fom,0.1560000000000001,0.6579396840943762,0.22433143270533806,0.22406430011434073
78,fom,0.1580000000000001,0.6585702822933864,0.40315024598605587,0.40195683927595177
79,fom,0.16000000000000011,0.6595522850783204,0.5757409191340657,0.5736605591877482
80,fom,0.16200000000000012,0.6608732459699227,0.7421274144368273,0.7392012760427024
81,fom,0.16400000000000012,0.6625207947360677,0.9023599011859784,0.8986304783320361
82,fom,0.16600000000000012,0.6644826855746666,1.0565107032973198,1.052021381508111
83,fom,0.16800000000000012,0.666746837549257,1.2046706006286212,1.1994653295381457
84,fom,0.17000000000000012,0.6693013679771811,1.3469454740858977,1.3410685326448173
85,fom,0.17200000000000013,0.6721346194456006,1.4834532803244815,1.4769491265255597
86,fom,0.17400000000000013,0.675235181098479,1.6143213386932975,1.607234535419532
87,fom,0.17600000000000013,0.6785919048003738,1.7396839108721196,1.7320591194245947
88,fom,0.17800000000000013,0.6821939167419675,1.8596800522831802,1.851562085281343
89,fom,0.18000000000000013,0.6860306250095065,1.9744517136424389,1.965885639260375
90,fom,0.18200000000000013,0.6900917235965373,2.0841420707907177,2.075173360664393
91,fom,0.18400000000000014,0.6943671932926694,2.1888940611406724,2.1795687746753036
92,fom,0.18600000000000014,0.6988472998411,2.288849105510693,2.2792141037527074
93,fom,0.18800000000000014,0.7035225897147122,2.3841459948197863,2.3742491774564694
94,fom,0.19000000000000014,0.7083838838203791,2.4749199219337714,2.4648104813634237
95,fom,0.19200000000000014,0.7134222694024472,2.5613016398638444,2.551030326621993
96,fom,0.19400000000000014,0.7186290903798345,2.6434167284926646,2.6330361225889605
97,fom,0.19600000000000015,0.7239959363164179,2.7213849529003906,2.7109497358741894
98,fom,0.19800000000000015,0.729514630191436,2.7953196972745062,2.7848869199418633
99,fom,0.20000000000000015,0.7351772151055159,2.865327459161071,2.8549568001472343
100,fom,0.20200000000000015,0.7409759400280803,2.9315073894528587,2.92126139969528
101,fom,0.20400000000000015,0.7469032446633274,2.9939508640403067,2.9838951924662935
102,fom,0.20600000000000016,0.7529517434842415,3.0527410733388605,3.0429446689363195
103,fom,0.20800000000000016,0.7591142089566828,3.107952616009629,3.098487901502941
104,fom,0.21000000000000016,0.7653835539482801,3.1596510830506075,3.150594095379517
105,fom,0.21200000000000016,0.7717528132888852,3.2078926180140743,3.199323110812871
106,fom,0.21400000000000016,0.7782151244203364,3.2527234383488146,3.2447249416731623
107,fom,0.21600000000000016,0.7847637070422805,3.294179301788047,3.2868391344170584
108,fom,0.21800000000000017,0.7913918416274885,3.332284900189997,3.3256941299839986
109,fom,0.22000000000000017,0.7980928466430405,3.367053161246303,3.361306509288498
110,fom,0.22200000000000017,0.8048600542724738,3.398484435963439,3.3936801205444205
111,fom,0.22400000000000017,0.8116867843868942,3.426565546669341,3.4228050636114626
112,fom,0.22600000000000017,0.8185663164591511,3.451268666432472,3.4486565027857834
113,fom,0.22800000000000017,0.8254918590526241,3.472549996069912,3.4711932748450494
114,fom,0.23000000000000018,0.8324565164434308,3.490348199281151,3.490356253566964
115,fom,0.23200000000000018,0.8394532518497487,3.5045825497050096,3.5060664252207148
116,fom,0.23400000000000018,0.8464748466422508,3.5151507357840948,3.5182226215305845
117,fom,0.23600000000000018,0.8535138547928851,3.5219262601033363,3.5266988471897607
118,fom,0.23800000000000018,0.8605625516826642,3.5247553593167336,3.5313411280629095
119,fom,0.24000000000000019,0.867612876230152,3.5234533590052517,3.5319637937557227
120,fom,0.2420000000000002,0.8746563651186852,3.517800365066215,3.5283450944250654
121,fom,0.2440000000000002,0.8816840776904169,3.507536180205051,3.5202220370545088
122,fom,0.2460000000000002,0.8886865098395054,3.4923543220432283,3.5072843119686796
123,fom,0.2480000000000002,0.8956534949785898,3.47189501048073,3.489167168040548
124,fom,0.25000000000000017,0.9025740898814283,3.4457369899550394,3.465443088213917
125,fom,0.25200000000000017,0.90943644293841,3.4133880631324884,3.4356121211798625
126,fom,0.25400000000000017,0.9162276421339582,3.374274245698333,3.399090749213314
127,fom,0.25600000000000017,0.9229335399212033,3.3277275214336486,3.3551992300896862
128,fom,0.2580000000000002,0.9295385522196928,3.2729723034059797,3.303147463355012
129,fom,0.2600000000000002,0.9360254291348272,3.2091109199136048,3.2420196278946
130,fom,0.2620000000000002,0.9423749958993473,3.1351087812675202,3.1707581598112196
131,fom,0.2640000000000002,0.9485658642598973,3.049780392360535,3.088148139740784
132,fom,0.2660000000000002,0.9545741174687894,2.9517781050771297,2.9928038971432485
133,fom,0.2680000000000002,0.9603729766802058,2.8395864890200517,2.8831606704275305
134,fom,0.2700000000000002,0.9659324634248696,2.7115264286814154,2.7574755052888644
135,fom,0.2720000000000002,0.9712190823949315,2.5657744218299805,2.613843158499741
136,fom,0.2740000000000002,0.9761955611121895,2.4004037785188834,2.4502343546714798
137,fom,0.2760000000000002,0.980820697509007,2.2134549774101284,2.264564793526813
138,fom,0.2780000000000002,0.98504938102183,2.00304152753053,2.054802941050595
139,fom,0.2800000000000002,0.9888328636191291,1.767494349154547,1.8191216672056847
140,fom,0.2820000000000002,0.9921193584184482,1.5055411620038817,1.5560920472151583
141,fom,0.2840000000000002,0.9948550282671447,1.216507719624671,1.2649067169294153
142,fom,0.2860000000000002,0.9969853892969469,0.9005165926403158,0.9456064683832599
143,fom,0.2880000000000002,0.9984570946377059,0.5586501208861006,0.5992712942098075
144,fom,0.2900000000000002,0.9992199897804913,0.1930418208876128,0.2281319792856305
145,fom,0.2920000000000002,0.9992292619212564,-0.19313132795847898,-0.16443366700168052
146,fom,0.2940000000000002,0.9984474644686574,-0.5957646747767609,-0.5740334281531874
147,fom,0.2960000000000002,0.9968462032221493,-1.0100347615390193,-0.9955047942414668
148,fom,0.2980000000000002,0.9944073254225013,-1.4306656642651683,-1.4232258357168712
149,fom,0.3000000000000002,0.9911235405650887,-1.8522078991331792,-1.8514357669544246
150,fom,0.3020000000000002,0.9869984938259686,-2.2692896348003866,-2.2745150933148386
151,fom,0.3040000000000002,0.9820463820258871,-2.676814822392126,-2.6871960541096853
152,fom,0.3060000000000002,0.9762912345364001,-3.0701004970545287,-3.084697779083548
153,fom,0.3080000000000002,0.969765980037669,-3.4449592295180964,-3.462797692594634
154,fom,0.3100000000000002,0.9625113976183277,-3.7977395303163686,-3.8178576857719566
155,fom,0.3120000000000002,0.9545750219164035,-4.12533771760204,-4.146822457795098
156,fom,0.3140000000000002,0.9460100467479196,-4.425192023277874,-4.447202517647295
157,fom,0.3160000000000002,0.936874253823292,-4.695266102083206,-4.717049211402733
158,fom,0.3180000000000002,0.9272289823395867,-4.934026113954326,-4.954925470741451
159,fom,0.32000000000000023,0.9171381493674747,-5.140413602720856,-5.159873923913495
160,fom,0.32200000000000023,0.9066673279287033,-5.313815334630545,-5.331383078296475
161,fom,0.32400000000000023,0.8958828880289526,-5.454030767643031,-5.469351947891301
162,fom,0.32600000000000023,0.8848512048581312,-5.561237631718507,-5.5740534216088395
163,fom,0.32800000000000024,0.8736379375020785,-5.635956049748258,-5.64609668468709
164,fom,0.33000000000000024,0.8623073806591381,-5.67901163472409,-5.686389048737819
165,fom,0.33200000000000024,0.8509218909631822,-5.691498020710283,-5.696097588888654
166,fom,0.33400000000000024,0.839541388576297,-5.674739303627052,-5.676611017067249
167,fom,0.33600000000000024,0.828222933748674,-5.63025287347485,-5.6295022329391475
168,fom,0.33800000000000024,0.8170203770823976,-5.559713108890668,-5.556491986860862
169,fom,0.34000000000000025,0.8059840813131113,-5.464916378034562,-5.459414063997481
170,fom,0.34200000000000025,0.7951607115702594,-5.34774774908589,-5.340182358874398
171,fom,0.34400000000000025,0.7845930903167677,-5.210149762403221,-5.200760159122565
172,fom,0.34600000000000025,0.7743201125206465,-5.054093557832401,-5.0431318997543295
173,fom,0.34800000000000025,0.7643767160854381,-4.881552587517823,-4.869277587878912
174,fom,0.35000000000000026,0.7547939021705752,-4.694479079076552,-4.681150034457938
175,fom,0.35200000000000026,0.7455987997691319,-4.49478334810069,-4.480654966285166
176,fom,0.35400000000000026,0.7368147687781724,-4.284315994732863,-4.269634029747572
177,fom,0.35600000000000026,0.7284615357902005,-4.064852958760357,-4.049850640270237
178,fom,0.35800000000000026,0.720555356943131,-3.8380833534674696,-3.822978579893468
179,fom,0.36000000000000026,0.7131092023763306,-3.6055999520324122,-3.5905932019577196
180,fom,0.36200000000000027,0.7061329571350013,-3.3688921625290855,-3.3541650673163845
181,fom,0.36400000000000027,0.6996336337262142,-3.1293412987268843,-3.1150558108660564
182,fom,0.36600000000000027,0.6936155919400938,-2.8882179333638844,-2.8745160198089676
183,fom,0.36800000000000027,0.6880807619927587,-2.6466811076742425,-2.6336848949831606
184,fom,0.3700000000000003,0.6830288675093968,-2.4057791648095237,-2.3935914628717696
185,fom,0.3720000000000003,0.6784576453335206,-2.166451974662531,-2.155157107736162
186,fom,0.3740000000000003,0.6743630596107467,-1.9295343226938821,-1.9191992000057267
187,fom,0.3760000000000003,0.6707395080427451,-1.6957602450016207,-1.6864356078873952
188,fom,0.3780000000000003,0.6675800186307402,-1.4657681051178095,-1.4574898933440272
189,fom,0.3800000000000003,0.6648764356222738,-1.2401062240919858,-1.2328970102780656
190,fom,0.3820000000000003,0.6626195937343723,-1.0192388934192331,-1.0131093410828793
191,fom,0.3840000000000003,0.6607994800485969,-0.8035526194097586,-0.7985029268909755
192,fom,0.3860000000000003,0.6594053832567333,-0.5933624670790005,-0.58938376617046
193,fom,0.3880000000000003,0.6584260301802809,-0.38891839085716806,-0.38599407524449836
194,fom,0.3900000000000003,0.6578497096933046,-0.19041145795811731,-0.18851842240462718
195,fom,0.3920000000000003,0.6576643843484484,0.0020201122579444064,0.002910335761799209
196,fom,0.3940000000000003,0.6578577901423364,0.18828515342225738,0.18820537163258377
197,fom,0.3960000000000003,0.6584175249621375,0.36833404760985844,0.3673204991434247
198,fom,0.3980000000000003,0.6593311263327758,0.5421535438394076,0.5402451109904997
199,fom,0.4000000000000003,0.6605861391374951,0.7097619208933648,0.7069994588655001
200,fom,0.4020000000000003,0.6621701740163493,0.8712045058911488,0.8676302858657179
201,fom,0.4040000000000003,0.6640709571610597,1.0265495517466916,1.0222068124434773
202,fom,0.4060000000000003,0.666276372223336,1.1758844698087079,1.1708170708794012
203,fom,0.4080000000000003,0.6687744950402945,1.319312408468859,1.3135645781600331
204,fom,0.4100000000000003,0.6715536218572115,1.456949164214738,1.4505653331783699
205,fom,0.4120000000000003,0.6746022916971535,1.5889204083722464,1.5819451212171594
206,fom,0.4140000000000003,0.6779093034907004,1.7153592104482696,1.7078371065824531
207,fom,0.4160000000000003,0.6814637285389465,1.8364038374627523,1.828379692895765
208,fom,0.4180000000000003,0.6852549188405515,1.952195807767676,1.943714629802914
209,fom,0.4200000000000003,0.6892725117700172,2.062878177517935,2.0539853446011462
210,fom,0.4220000000000003,0.6935064315506232,2.168594038033461,2.1593354774194844
211,fom,0.4240000000000003,0.6979468879221511,2.269485202708171,2.2599075990170254
212,fom,0.4260000000000003,0.7025843723614559,2.3656910627641023,2.3558420909093276
213,fom,0.4280000000000003,0.7074096521732075,2.457347591961867,2.4472761683217885
214,fom,0.4300000000000003,0.7124137627293033,2.544586481299099,2.5343430273412486
215,fom,0.43200000000000033,0.7175879980984039,2.6275343856660416,2.6171710985388867
216,fom,0.43400000000000033,0.7229239002719675,2.706312265376237,2.6958833902255224
217,fom,0.43600000000000033,0.7284132471599088,2.7810348063803945,2.770596905334926
218,fom,0.43800000000000033,0.7340480394974891,2.851809903771013,2.84142211667942
219,fom,0.44000000000000034,0.7398204867749929,2.918738193871034,2.9084624859544443
220,fom,0.44200000000000034,0.7457229922729732,2.9819126207336066,2.97181401235799
221,fom,0.44400000000000034,0.7517481372579273,3.041418023222664,3.0315647970112143
222,fom,0.44600000000000034,0.7578886643658639,3.097330728995068,3.087794609490849
223,fom,0.44800000000000034,0.7641374601739076,3.149718141604224,3.140574442685311
224,fom,0.45000000000000034,0.7704875369322808,3.19863830658923,3.1899660418325038
225,fom,0.45200000000000035,0.7769320134002645,3.2441394417331293,3.236021392953494
226,fom,0.45400000000000035,0.7834640946992133,3.286259415637538,3.2787821549195844
227,fom,0.45600000000000035,0.7900770510628147,3.325025157369821,3.3182790180312844
228,fom,0.45800000000000035,0.7967641953286926,3.3604519780290887,3.3545309701862096
229,fom,0.46000000000000035,0.803518858974931,3.3925427826722863,3.3875444493969638
230,fom,0.46200000000000035,0.8103343664593817,3.421287148037855,3.417312358504396
231,fom,0.46400000000000036,0.8172040075670824,3.4466602377697106,3.443812914314969
232,fom,0.46600000000000036,0.8241210074104606,3.4686215223309613,3.46700829895627
233,fom,0.46800000000000036,0.8310784936564063,3.4871132653270243,3.486843075858219
234,fom,0.47000000000000036,0.8380694604717687,3.5020587314681104,3.5032423262831145
235,fom,0.47200000000000036,0.8450867285822787,3.5133600637125006,3.5161094545919664
236,fom,0.47400000000000037,0.8521229007266187,3.5208957681801265,3.5253236013036764
237,fom,0.47600000000000037,0.8591703116549992,3.5245177351479193,3.530736592368149
238,fom,0.47800000000000037,0.8662209716672103,3.524047712867878,3.532169340907453
239,fom,0.48000000000000037,0.8732665025064708,3.519273138386486,3.5294076041134854
240,fom,0.4820000000000004,0.8802980642207563,3.509942216483597,3.522196983446759
241,fom,0.4840000000000004,0.8873062713724051,3.495758125452858,3.5102370416719486
242,fom,0.4860000000000004,0.8942810967225677,3.4763722187159396,3.4931743973138927
243,fom,0.4880000000000004,0.9012117602472689,3.4513760875223563,3.4705946488450397
244,fom,0.4900000000000004,0.9080866010726572,3.420292357699195,3.442012982370024
245,fom,0.4920000000000004,0.9148929296780657,3.382564121234888,3.406863335888376
246,fom,0.4940000000000004,0.9216168575575967,3.3375429643859866,3.3644860430765595
247,fom,0.4960000000000004,0.9282431015356096,3.284475667348019,3.3141139790905463
248,fom,0.4980000000000004,0.9347547602269888,3.2224898435965486,3.2548574080329464
249,fom,0.5000000000000003,0.9411330609099958,3.1505790963226588,3.185688025209232
250,fom,0.5020000000000003,0.9473570766122794,3.0675887404727207,3.105423147610566
251,fom,0.5040000000000003,0.9534034158718867,2.9722038209591406,3.0127116926160316
252,fom,0.5060000000000003,0.959245891896116,2.8629420903866496,2.9060245551440493
253,fom,0.5080000000000003,0.9648551842334333,2.7381557953987388,2.7836532770971285
254,fom,0.5100000000000003,0.9701985150777109,2.5960474759007535,2.6437224526604157
255,fom,0.5120000000000003,0.9752393741370363,2.4347062670214967,2.4842229255034827
256,fom,0.5140000000000003,0.9799373401457969,2.2521719377679994,2.3030740468763997
257,fom,0.5160000000000003,0.9842480618881083,2.0465333554467167,2.0982232658630355
258,fom,0.5180000000000003,0.9881234735675838,1.8160652837467262,1.867788968213658
259,fom,0.5200000000000004,0.9915123230230952,1.5594015589022459,1.6102465500706191
260,fom,0.5220000000000004,0.9943610798031928,1.2757335850933638,1.324647573428469
261,fom,0.5240000000000004,0.9966152573634687,0.9650120252972239,1.010848463810755
262,fom,0.5260000000000004,0.9982211279043817,0.6281197179467957,0.6697120497114497
263,fom,0.5280000000000004,0.9991277362352559,0.2669798182264316,0.3032381578492194
264,fom,0.5300000000000004,0.9992890471772874,-0.11543092134588817,-0.08541541725696104
265,fom,0.5320000000000004,0.9986660125498723,-0.5151770210237161,-0.4920404524428041
266,fom,0.5340000000000004,0.9972283390931925,-0.9275570507806807,-0.911603227418437
267,fom,0.5360000000000004,0.9949557843467496,-1.347362088214621,-1.338546625983656
268,fom,0.5380000000000004,0.991838890740334,-1.7691556663501362,-1.7671132334991784
269,fom,0.5400000000000004,0.987879161681349,-2.187533026166116,-2.1916365583413855
270,fom,0.5420000000000004,0.9830887586356696,-2.597330877430082,-2.60676638177035
271,fom,0.5440000000000004,0.9774898381716287,-2.9937765795495785,-3.0076182662543793
272,fom,0.5460000000000004,0.9711136523174713,-3.372580524643176,-3.389856161844386
273,fom,0.5480000000000004,0.963999516073056,-3.729983728667646,-3.74972601386646
274,fom,0.5500000000000004,0.9561937174028007,-4.062774367890598,-4.084058434526111
275,fom,0.5520000000000004,0.9477484186014936,-4.3682847134483005,-4.390254003782981
276,fom,0.5540000000000004,0.9387205785490075,-4.644376322456206,-4.66625948746284
277,fom,0.5560000000000004,0.9291709133116688,-4.889418166249492,-4.910539255376566
278,fom,0.5580000000000004,0.9191629058840095,-5.102260223518617,-5.122043838758794
279,fom,0.5600000000000004,0.9087618724175943,-5.28220385606093,-5.300176458602147
280,fom,0.5620000000000004,0.8980340904597658,-5.428969704560776,-5.4447579363105545
281,fom,0.5640000000000004,0.8870459935993512,-5.542663607405296,-5.555990287035366
282,fom,0.5660000000000004,0.8758634360301446,-5.623740975851082,-5.6344193013641695
283,fom,0.5680000000000004,0.8645510296959469,-5.672970057824411,-5.680896461803095
284,fom,0.5700000000000004,0.853171555798847,-5.691394543416384,-5.696540584745596
285,fom,0.5720000000000004,0.8417854515222813,-5.680295985265094,-5.682699612257592
286,fom,0.5740000000000004,0.8304503718577866,-5.641156515600875,-5.640912994287218
287,fom,0.5760000000000004,0.8192208254598778,-5.575622334271752,-5.572875098586797
288,fom,0.5780000000000004,0.8081478825206996,-5.485468418263417,-5.480400063760565
289,fom,0.5800000000000004,0.7972789517868242,-5.372564864982277,-5.3653884735529624
290,fom,0.5820000000000004,0.7866576230607705,-5.238845232122979,-5.229796181765922
291,fom,0.5840000000000004,0.7763235708583323,-5.086277179626314,-5.075605560877398
292,fom,0.5860000000000004,0.7663125143422652,-4.916835656803064,-4.904799386607805
293,fom,0.5880000000000004,0.75665622823112,-4.732478812498692,-4.719337507599558
294,fom,0.5900000000000004,0.7473825990922704,-4.535126740219441,-4.5211363858390765
295,fom,0.5920000000000004,0.7385157212702422,-4.326643105403815,-4.312051531304607
296,fom,0.5940000000000004,0.7300760266706552,-4.108819640773059,-4.093862795703137
297,fom,0.5960000000000004,0.72208044270715,-3.8833634401398975,-3.8682624373187235
298,fom,0.5980000000000004,0.7145425729100956,-3.6518869329505708,-3.6368458238412837
299,fom,0.6000000000000004,0.7074728949753477,-3.4159003823691356,-3.4011046037002584
300,fom,0.6020000000000004,0.700878971380619,-3.176806719111441,-3.1624221490718787
301,fom,0.6040000000000004,0.694765668098902,-2.935898501125578,-2.922071054796402
302,fom,0.6060000000000004,0.6891353773761167,-2.6943567748901884,-2.681212465999383
303,fom,0.6080000000000004,0.6839882409993412,-2.453251606673146,-2.440897002299986
304,fom,0.6100000000000004,0.6793223709494242,-2.213544050850863,-2.202067047283103
305,fom,0.6120000000000004,0.6751340647959377,-1.9760893265107493,-1.9655601776956213
306,fom,0.6140000000000004,0.6714180136433812,-1.7416409823411416,-1.7321135168992363
307,fom,0.6160000000000004,0.6681675008665732,-1.5108558424335727,-1.502368810702176
308,fom,0.6180000000000004,0.6653745902736469,-1.2842995412115643,-1.2768780399543151
309,fom,0.6200000000000004,0.6630303027017269,-1.062452473368919,-1.056109402359117
310,fom,0.6220000000000004,0.6611247803801712,-0.8457160036068057,-0.8404535150145803
311,fom,0.6240000000000004,0.6596474386872997,-0.6344188004036022,-0.6302297085352125
312,fom,0.6260000000000004,0.6585871051785568,-0.4288231773612594,-0.4256923026467473
313,fom,0.6280000000000004,0.6579321459778547,-0.22913134437854699,-0.22703677143335696
314,fom,0.6300000000000004,0.6576705798010426,-0.03549148863421503,-0.034405723613572706
315,fom,0.6320000000000005,0.6577901800233178,0.15199637819876544,0.1521053609167981
316,fom,0.6340000000000005,0.6582785653138377,0.33327485509510035,0.33244268266946436
317,fom,0.6360000000000005,0.6591232794436982,0.5083239043644217,0.5065889938878316
318,fom,0.6380000000000005,0.6603118609312953,0.6771559452876663,0.674558810050156
319,fom,0.6400000000000005,0.6618319032248489,0.8398113019486841,0.8363939724049392
320,fom,0.6420000000000005,0.6636711061390901,0.9963540099247603,0.9921595643243327
321,fom,0.6440000000000005,0.6658173192645479,1.146867979368832,1.141940177614689
322,fom,0.6460000000000005,0.6682585780565654,1.2914535062492627,1.285836519577743
323,fom,0.6480000000000005,0.670983133289545,1.4302241189966258,1.42396234743944
324,fom,0.6500000000000005,0.6739794745325519,1.5633037443639752,1.5564417136175905
325,fom,0.6520000000000005,0.6772363482670009,1.6908241737957908,1.6834065030467669
326,fom,0.6540000000000005,0.6807427712277351,1.8129228099433015,1.8049942422851206
327,fom,0.6560000000000005,0.6844880395067741,1.9297406719623045,1.9213461592667587
328,fom,0.6580000000000005,0.6884617339155843,2.0414206377737663,2.0326054722178952
329,fom,0.6600000000000005,0.6926537220578691,2.148105901493252,2.1389158863190807
330,fom,0.6620000000000005,0.6970541575215573,2.2499386245740105,2.240420277073937
331,fom,0.6640000000000005,0.7016534765561652,2.3470587598191095,2.3372595399535148
332,fom,0.6660000000000005,0.7064423925608337,2.4396030282206604,2.4295715866512135
333,fom,0.6680000000000005,0.7114118886690478,2.5277040294437723,2.517490469143035
334,fom,0.6700000000000005,0.7165532086786088,2.6114894677560505,2.6011456136482587
335,fom,0.6720000000000005,0.721857846540072,2.6910814761403055,2.6806611474792073
336,fom,0.6740000000000005,0.7273175345831701,2.766596022209189,2.7561553026167696
337,fom,0.6760000000000005,0.7329242306289088,2.838142380398284,2.827739880616561
338,fom,0.6780000000000005,0.7386701041047632,2.9058226556017694,2.8955197641078105
339,fom,0.6800000000000005,0.7445475212513158,2.9697313439780992,2.9595924606670705
340,fom,0.6820000000000005,0.7505490294806756,3.0299549170544613,3.0200476652042916
341,fom,0.6840000000000005,0.7566673409195337,3.086571415427397,3.0769668271641764
342,fom,0.6860000000000005,0.7628953151423852,3.1396500383327473,3.1304227087933962
343,fom,0.6880000000000005,0.7692259410728647,3.189250715035868,3.180478920423266
344,fom,0.6900000000000005,0.7756523180025287,3.235423643372176,3.227189418134155
345,fom,0.6920000000000005,0.7821676356463534,3.278208779850272,3.2705979482605527
346,fom,0.6940000000000005,0.7887651531219297,3.317635264363017,3.3107374219167256
347,fom,0.6960000000000005,0.7954381767038055,3.353720760765649,3.347629201013971
348,fom,0.6980000000000005,0.8021800361649923,3.386470692293031,3.3812822750324365
349,fom,0.7000000000000005,0.8089840594729776,3.4158773478968896,3.411692305020796
350,fom,0.7020000000000005,0.8158435455565799,3.441918832006424,3.4388405078275146
351,fom,0.7040000000000005,0.8227517348010033,3.4645578258486185,3.4626923493043313
352,fom,0.7060000000000005,0.8297017768599744,3.4837401232240826,3.483196010035518
353,fom,0.7080000000000005,0.8366866952938996,3.4993928973328647,3.5002805808906245
354,fom,0.7100000000000005,0.8436993484493058,3.5114226478058783,3.5138539382220637
355,fom,0.7120000000000005,0.8507323858851231,3.519712768404626,3.5238002396835224
356,fom,0.7140000000000005,0.8577781995229243,3.5241206658336854,3.5299769713127116
357,fom,0.7160000000000005,0.8648288685484579,3.5244743487950756,3.5322114646532037
358,fom,0.7180000000000005,0.8718760969181046,3.5205683939867893,3.530296789378675
359,fom,0.7200000000000005,0.878911142124405,3.5121591827505236,3.5239869124793057
360,fom,0.7220000000000005,0.8859247336491067,3.498959289399056,3.512991000368681
361,fom,0.7240000000000005,0.8929069792820012,3.4806308917952054,3.49696672680075
362,fom,0.7260000000000005,0.8998472572162876,3.4567780694756687,3.4755124399665407
363,fom,0.7280000000000005,0.9067340915599039,3.4269378594938003,3.4481580411453177
364,fom,0.7300000000000005,0.9135550086542628,3.390569963140105,3.4143544422372294
365,fom,0.7320000000000005,0.9202963714124643,3.3470450497571633,3.3734615120503673
366,fom,0.7340000000000005,0.9269431888532914,3.2956317049934736,3.324734509062004
367,fom,0.7360000000000005,0.9334788982324382,3.2354822455448184,3.267309157494928
368,fom,0.7380000000000005,0.9398851178354707,3.1656179054674882,3.2001857904211937
369,fom,0.7400000000000005,0.9461413698543082,3.0849143343693597,3.122213406461854
370,fom,0.7420000000000005,0.9522247751729481,2.992088984443586,3.0320751236685544
371,fom,0.7440000000000005,0.9581097257920825,2.8856928446844843,2.9282774246341785
372,fom,0.7460000000000006,0.9637675465516861,2.764110119451851,2.809146808993492
373,fom,0.7480000000000006,0.9691661662698899,2.6255707831435435,2.672838976451571
374,fom,0.7500000000000006,0.9742698296842602,2.4681822711012935,2.5173672904704465
375,fom,0.7520000000000006,0.9790388953542951,2.289987468418464,2.3406586169989687
376,fom,0.7540000000000006,0.9834297795579341,2.0890559392889307,2.1406449558938063
377,fom,0.7560000000000006,0.9873951191114508,1.863613076764914,1.9153974941369125
378,fom,0.7580000000000006,0.9908842318649937,1.6122066426609294,1.6633045673604256
379,fom,0.7600000000000006,0.9938439456820946,1.3339016582227803,1.3832856979840427
380,fom,0.7620000000000006,0.9962198384978849,1.0284837377660672,1.075020945295962
381,fom,0.7640000000000006,0.9979578806331588,0.6966405336887582,0.7391611930844136
382,fom,0.7660000000000006,0.9990064006326399,0.34008540225474726,0.3774761912172468
383,fom,0.7680000000000006,0.9993182222421778,-0.03840886260692011,-0.007100508719588638
384,fom,0.7700000000000006,0.9988527651822122,-0.4350835739961867,-0.4105535787487139
385,fom,0.7720000000000006,0.9975778879461931,-0.8453695517348092,-0.8279900516182845
386,fom,0.7740000000000006,0.995471286975273,-1.264135927273452,-1.2539303944855424
387,fom,0.7760000000000006,0.9925213442370993,-1.6859694507687095,-1.6826320270392188
388,fom,0.7780000000000006,0.9887274091721981,-2.1054406475589924,-2.108390275952238
389,fom,0.7800000000000006,0.9840995816468633,-2.517324787970787,-2.525778261502452
390,fom,0.7820000000000006,0.978658110020315,-2.9167631174844275,-2.929811140079319
391,fom,0.7840000000000006,0.9724325291769256,-3.29936566069311,-3.3160406395558795
392,fom,0.7860000000000006,0.9654606473775426,-3.6612665475362904,-3.680596821086617
393,fom,0.7880000000000006,0.9577874629867804,-3.9991456685778135,-4.020195611526474
394,fom,0.7900000000000006,0.9494640647032313,-4.310228742624184,-4.3321267218869925
395,fom,0.7920000000000006,0.9405465480162837,-4.592274368869886,-4.614231217757252
396,fom,0.7940000000000006,0.9310949672277518,-4.843553296547482,-4.864873678764983
397,fom,0.7960000000000006,0.9211723348300938,-5.062822781952331,-5.0829112328553165
398,fom,0.7980000000000006,0.9108436760999424,-5.249297529140523,-5.267660445559746
399,fom,0.8000000000000006,0.9001751447135317,-5.402618031323525,-5.418862525199408
400,fom,0.8020000000000006,0.8892332039746483,-5.522816844912209,-5.5366471530962444
401,fom,0.8040000000000006,0.8780838773338828,-5.610283235721908,-5.62149523903686
402,fom,0.8060000000000006,0.8667920710317607,-5.665726627069267,-5.674200939459939
403,fom,0.8080000000000006,0.8554209708256058,-5.690139298284075,-5.695833320852607
404,fom,0.8100000000000006,0.8440315138386244,-5.684758803526507,-5.6876980872793155
405,fom,0.8120000000000006,0.8326819356114997,-5.651030592189493,-5.651299810972471
406,fom,0.8140000000000006,0.8214273914698664,-5.590571308017184,-5.588305105469478
407,fom,0.8160000000000006,0.810319650379431,-5.505133223372593,-5.500507162369322
408,fom,0.8180000000000006,0.7994068585763761,-5.396570229460246,-5.3897920382240265
409,fom,0.8200000000000006,0.78873336946159,-5.266805755839127,-5.258107031289187
410,fom,0.8220000000000006,0.7783396355530195,-5.117802936524695,-5.107431432767723
411,fom,0.8240000000000006,0.7682621577154912,-4.951537278350126,-4.939749877044801
412,fom,0.8260000000000006,0.758533486439619,-4.769972022487467,-4.757028452626292
413,fom,0.8280000000000006,0.7491822696255414,-4.575036324026477,-4.561193671907447
414,fom,0.8300000000000006,0.7402333411435131,-4.368606309375466,-4.3541143353194185
415,fom,0.8320000000000006,0.7317078443880395,-4.152489009132176,-4.13758626590347
416,fom,0.8340000000000006,0.7236233851069844,-3.928409107225833,-3.9133198362116532
417,fom,0.8360000000000006,0.7159942079591362,-3.6979983974498585,-3.6829301626428195
418,fom,0.8380000000000006,0.708831391517185,-3.462787797281791,-3.447929804196147
419,fom,0.8400000000000006,0.702143056770009,-3.2242017365414486,-3.2097237735192743
420,fom,0.8420000000000006,0.6959345845710192,-2.983554714715203,-2.969606647600726
421,fom,0.8440000000000006,0.6902088379111482,-2.7420498049677833,-2.728761552613965
422,fom,0.8460000000000006,0.6849663853511481,-2.500778874145043,-2.488260791289757
423,fom,0.8480000000000006,0.680205722414568,-2.260724285660265,-2.2490678809196454
424,fom,0.8500000000000006,0.675923488208507,-2.0227618552691173,-2.0120407749462537
425,fom,0.8520000000000006,0.6721146749934915,-1.7876648376908,-1.7779360503796577
426,fom,0.8540000000000006,0.6687728288577438,-1.556108733936884,-1.5474138562393975
427,fom,0.8560000000000006,0.665890240057744,-1.328676724285327,-1.3210434340251844
428,fom,0.8580000000000007,0.6634581219606025,-1.105865549178825,-1.0993090389988338
429,fom,0.8600000000000007,0.6614667778610287,-0.8880916790338367,-0.882616109983338
430,fom,0.8620000000000007,0.6599057552444672,-0.675697633354011,-0.6712975547194538
431,fom,0.8640000000000007,0.6587639873276127,-0.468958328903174,-0.4656200369589466
432,fom,0.8660000000000007,0.6580299219288545,-0.26808735556801966,-0.2657901699402168
433,fom,0.8680000000000007,0.6576916379053406,-0.0732430964892894,-0.07196053832620454
434,fom,0.8700000000000007,0.6577369495428973,0.11546537426504466,0.11576451317484009
435,fom,0.8720000000000007,0.6581534994024008,0.2979726679006034,0.29732337161373734
436,fom,0.8740000000000007,0.6589288402144997,0.47425176867149643,0.4726919620381508
437,fom,0.8760000000000007,0.6600505064770867,0.6443090588446332,0.641878890682283
438,fom,0.8780000000000007,0.6615060764498782,0.8081796959762966,0.8049209377317418
439,fom,0.8800000000000007,0.6632832252609919,0.9659233487284979,0.9618789039263451
440,fom,0.8820000000000007,0.6653697698447922,1.1176202900646248,1.112833808345286
441,fom,0.8840000000000007,0.6677537064212504,1.2633678406270277,1.257883429126871
442,fom,0.8860000000000007,0.6704232412073003,1.4032771503443842,1.3971391744783632
443,fom,0.8880000000000007,0.673366815022628,1.5374703026694858,1.530723267993302
444,fom,0.8900000000000007,0.6765731224179783,1.666077723183973,1.658766229875227
445,fom,0.8920000000000007,0.6800311259153639,1.789235872464795,1.7814046340333958
446,fom,0.8940000000000007,0.6837300659078375,1.9070852020009466,1.8987791200398323
447,fom,0.8960000000000007,0.6876594667233676,2.0197683514021625,2.011032638498414
448,fom,0.8980000000000007,0.6918091393134461,2.127428565050243,2.118308908367909
449,fom,0.9000000000000007,0.6961691809835686,2.2302083066639278,2.220751065104043
450,fom,0.9020000000000007,0.7007299725401018,2.3282480507974546,2.318500479054823
451,fom,0.9040000000000007,0.7054821731867584,2.421685231046189,2.4116957242834736
452,fom,0.9060000000000007,0.7104167134642866,2.5106533256136765,2.5004716788394052
453,fom,0.9080000000000007,0.7155247864892131,2.595281061844784,2.5849587383934325
454,fom,0.9100000000000007,0.7207978377116657,2.6756917222729992,2.665282126052025
455,fom,0.9120000000000007,0.7262275533783051,2.7520025356401745,2.741561282025181
456,fom,0.9140000000000007,0.7318058478542264,2.82432413719616,2.8139093176088186
457,fom,0.9160000000000007,0.7375248499270898,2.892760083323703,2.882432518624229
458,fom,0.9180000000000007,0.7433768881875212,2.957406406113888,2.94722988400607
459,fom,0.9200000000000007,0.7493544755515453,3.0183511939569363,3.0083926856205174
460,fom,0.9220000000000007,0.755450292963349,3.075674184431887,3.0660040356002782
461,fom,0.9240000000000007,0.7616571722892729,3.1294463557901553,3.120138447475908
462,fom,0.9260000000000007,0.7679680783865096,3.1797295030737693,3.170861377133802
463,fom,0.9280000000000007,0.774376090301568,3.2265757843453478,3.218228729106483
464,fom,0.9300000000000007,0.780874381523891,3.2700272216505955,3.262286312861231
465,fom,0.9320000000000007,0.7874561991881703,3.310115140058967,3.303069232551483
466,fom,0.9340000000000007,0.7941148420841269,3.346859526443202,3.3406011920766643
467,fom,0.9360000000000007,0.8008436372939431,3.380268287456661,3.374893695192745
468,fom,0.9380000000000007,0.8076359152339535,3.410336383416007,3.4059451177481814
469,fom,0.9400000000000007,0.8144849828276072,3.4370448113504315,3.433739625793097
470,fom,0.9420000000000007,0.8213840944793552,3.460359406292884,3.458245909213029
471,fom,0.9440000000000007,0.8283264204527787,3.4802294248219843,3.479415695544972
472,fom,0.9460000000000007,0.8353050121786432,3.496585868765639,3.497182002600617
473,fom,0.9480000000000007,0.8423127639278413,3.5093394998022553,3.511457081298388
474,fom,0.9500000000000007,0.8493423701778522,3.518378487245316,3.522129991541708
475,fom,0.9520000000000007,0.8563862778768225,3.5235656215245603,3.5290637439489
476,fom,0.9540000000000007,0.8634366326639504,3.5247350148300827,3.5320919286731245
477,fom,0.9560000000000007,0.8704852179361429,3.5216881981564305,3.531014739506733
478,fom,0.9580000000000007,0.8775233854565762,3.5141895110065433,3.5255942872309514
479,fom,0.9600000000000007,0.884541975980169,3.5019606672044565,3.5155490814364647
480,fom,0.9620000000000007,0.891531228125394,3.4846743691630264,3.500547546158558
481,fom,0.9640000000000007,0.8984806734568211,3.461946836307961,3.480200424078807
482,fom,0.9660000000000007,0.9053790154706258,3.433329115756001,3.454051920886208
483,fom,0.9680000000000007,0.9122139899198451,3.3982970619323147,3.42156945242738
484,fom,0.9700000000000008,0.9189722037183551,3.356239917713,3.382131893191671
485,fom,0.9720000000000008,0.9256389495906971,3.306447519581035,3.335016301814977
486,fom,0.9740000000000008,0.9321979937966792,3.248096306996462,3.279383241803887
487,fom,0.9760000000000008,0.938631334818683,3.1802345746141656,3.2142610578282906
488,fom,0.9780000000000008,0.9449189320951359,3.101767807341643,3.1385298556238794
489,fom,0.9800000000000008,0.9510384060480496,3.011445531216433,3.0509065234021984
490,fom,0.9820000000000008,0.9569647142200016,2.9078519437023553,2.949932984974907
491,fom,0.9840000000000008,0.962669813822859,2.7894036766940578,2.8339710345957347
492,fom,0.9860000000000008,0.9681223289267779,2.654359351942942,2.701208561655242
493,fom,0.9880000000000008,0.9732872512306308,2.500846943543189,2.5496835994916616
494,fom,0.9900000000000008,0.9781257167009506,2.3269159939643678,2.3773340794756814
495,fom,0.9920000000000008,0.9825949152064882,2.130621800214616,2.182081772693094
496,fom,0.9940000000000008,0.9866482039018091,1.9101469054352282,1.9619576291075242
497,fom,0.9960000000000008,0.9902355028282291,1.6639606582876665,1.715271333835291
498,fom,0.9980000000000008,0.9933040465349597,1.3910097220260764,1.4408194216105201
499,fom,1.0000000000000007,0.9957995417163334,1.104485459347643,1.138113924486186
